-- phpMyAdmin SQL Dump
-- version 4.8.5
-- https://www.phpmyadmin.net/
--
-- Servidor: 127.0.0.1
-- Tiempo de generación: 25-08-2019 a las 23:11:00
-- Versión del servidor: 10.1.40-MariaDB
-- Versión de PHP: 7.2.18

SET SQL_MODE = "NO_AUTO_VALUE_ON_ZERO";
SET AUTOCOMMIT = 0;
START TRANSACTION;
SET time_zone = "+00:00";


/*!40101 SET @OLD_CHARACTER_SET_CLIENT=@@CHARACTER_SET_CLIENT */;
/*!40101 SET @OLD_CHARACTER_SET_RESULTS=@@CHARACTER_SET_RESULTS */;
/*!40101 SET @OLD_COLLATION_CONNECTION=@@COLLATION_CONNECTION */;
/*!40101 SET NAMES utf8mb4 */;

--
-- Base de datos: `pruebas_solicitud_rayosx`
--

-- --------------------------------------------------------

--
-- Estructura de tabla para la tabla `pr_barrio`
--

CREATE TABLE `pr_barrio` (
  `id_barrio` int(11) NOT NULL,
  `id_upz` int(11) NOT NULL,
  `nombre_barrio` varchar(300) NOT NULL
) ENGINE=InnoDB DEFAULT CHARSET=latin1;

--
-- Volcado de datos para la tabla `pr_barrio`
--

INSERT INTO `pr_barrio` (`id_barrio`, `id_upz`, `nombre_barrio`) VALUES
(1, 1, 'Country Club'),
(2, 1, ' La Calleja'),
(3, 1, ' La Carolina'),
(4, 1, ' La Cristalina'),
(5, 1, ' Prados del Country'),
(6, 1, ' Recodo del Country'),
(7, 1, ' Santa Coloma'),
(8, 1, ' Soatama'),
(9, 1, ' Toledo'),
(10, 1, ' Torres del Country'),
(11, 1, ' Vergel del Country'),
(12, 2, 'Bosque de San Antonio'),
(13, 2, ' Conjunto Camino del Palmar'),
(14, 2, ' El Pite'),
(15, 2, ' El Redil'),
(16, 2, ' La Cita'),
(17, 2, ' La Granja Norte'),
(18, 2, ' La Uribe'),
(19, 2, ' Los Naranjos'),
(20, 2, ' San Juan Bosco'),
(21, 2, ' UrbanizaciÃ³n Los Laureles'),
(22, 3, 'Acacias'),
(23, 3, ' Antigua'),
(24, 3, ' Belmira'),
(25, 3, ' Bosque de Pinos'),
(26, 3, ' Caobos Salazar'),
(27, 3, ' Capri'),
(28, 3, ' Cedritos'),
(29, 3, ' Cedro BolÃ­var'),
(30, 3, ' Cedro Golf'),
(31, 3, ' Cedro Madeira'),
(32, 3, ' Cedro NarvÃ¡ez'),
(33, 3, ' Cedro Salazar'),
(34, 3, ' El Contador'),
(35, 3, ' El RincÃ³n de Las Margaritas'),
(36, 3, ' La Sonora'),
(37, 3, ' Las Margaritas'),
(38, 3, ' Lisboa'),
(39, 3, ' Los Cedros'),
(40, 3, ' Los Cedros Oriental'),
(41, 3, ' Montearroyo'),
(42, 3, ' Nueva Autopista'),
(43, 3, ' Nuevo Country'),
(44, 3, ' Sierras del Moral'),
(45, 4, 'Canaima'),
(46, 4, ' La Floresta de La Sabana'),
(47, 4, ' Torca'),
(48, 5, 'Ainsuca'),
(49, 5, ' Altablanca'),
(50, 5, ' Barrancas'),
(51, 5, ' California'),
(52, 5, ' Cerro Norte'),
(53, 5, ' Danubio'),
(54, 5, ' Don Bosco'),
(55, 5, ' La Perla Oriental'),
(56, 5, ' Las Areneras'),
(57, 5, ' MilÃ¡n (Barrancas)'),
(58, 5, ' San CristÃ³bal Norte'),
(59, 5, ' Santa Cecilia Norte Parte Alta'),
(60, 5, ' Santa Cecilia Parte Baja'),
(61, 5, ' Santa Teresa'),
(62, 5, ' Soratama'),
(63, 5, ' Torcoroma'),
(64, 5, ' Villa Nydia'),
(65, 5, ' Villa Oliva'),
(66, 6, 'Campo Alegre'),
(67, 6, ' Molinos del Norte'),
(68, 6, ' Multicentro'),
(69, 6, ' Navarra'),
(70, 6, ' RincÃ³n del ChicÃ³'),
(71, 6, ' San Patricio'),
(72, 6, ' Santa BÃ¡rbara'),
(73, 6, ' Santa BÃ¡rbara Central'),
(74, 6, ' Santa BÃ¡rbara Occidental'),
(75, 6, ' Santa Bibiana'),
(76, 6, ' Santa Paula'),
(77, 7, 'Babilonia'),
(78, 7, ' Dardanelos'),
(79, 7, ' El ToberÃ­n'),
(80, 7, ' Estrella del Norte'),
(81, 7, ' Guanoa'),
(82, 7, ' JardÃ­n Norte'),
(83, 7, ' La Liberia'),
(84, 7, ' La Pradera Norte'),
(85, 7, ' Las OrquÃ­deas'),
(86, 7, ' Pantanito'),
(87, 7, ' Santa MÃ³nica'),
(88, 7, ' Villa Magdala'),
(89, 7, ' Villas de Aranjuez'),
(90, 7, ' Villas del MediterrÃ¡neo'),
(91, 7, ' Zaragoza'),
(92, 8, 'Bella Suiza'),
(93, 8, ' Bellavista'),
(94, 8, ' Bosque Medina'),
(95, 8, ' El PaÃ±uelito'),
(96, 8, ' El Pedregal'),
(97, 8, ' Escuela de CaballerÃ­a I'),
(98, 8, ' Escuela de InfanterÃ­a'),
(99, 8, ' Francisco Miranda'),
(100, 8, ' Ginebra'),
(101, 8, ' La Esperanza'),
(102, 8, ' La Glorieta'),
(103, 8, ' Las Delicias del Carmen'),
(104, 8, ' Sagrado CorazÃ³n'),
(105, 8, ' San Gabriel'),
(106, 8, ' Santa Ana'),
(107, 8, ' Santa Ana Occidental'),
(108, 8, ' Santa BÃ¡rbara'),
(109, 8, ' Santa BÃ¡rbara Alta'),
(110, 8, ' Unicerros'),
(111, 8, ' UsaquÃ©n'),
(112, 9, 'Alto de Serrezuela'),
(113, 9, ' Balcones de Vista Hermosa'),
(114, 9, ' Balmoral Norte'),
(115, 9, ' Buenavista'),
(116, 9, ' Chaparral'),
(117, 9, ' El Codito'),
(118, 9, ' El Refugio de San Antonio'),
(119, 9, ' El Verbenal'),
(120, 9, ' Horizontes'),
(121, 9, ' La Estrellita'),
(122, 9, ' La Frontera'),
(123, 9, ' La Llanurita'),
(124, 9, ' Los Consuelos'),
(125, 9, ' Maranta'),
(126, 9, ' MaturÃ­n'),
(127, 9, ' MedellÃ­n'),
(128, 9, ' Mirador del Norte'),
(129, 9, ' Nuevo Horizonte'),
(130, 9, ' San Antonio Norte'),
(131, 9, ' Santa Felisa'),
(132, 9, ' Santandersito'),
(133, 9, ' Tibabita'),
(134, 9, ' ViÃ±a del Mar'),
(135, 10, 'CataluÃ±a'),
(136, 10, ' Chapinero Central'),
(137, 10, ' Chapinero Norte'),
(138, 10, ' Marly'),
(139, 10, ' Sucre'),
(140, 11, 'Antiguo Country'),
(141, 11, ' Chico Norte'),
(142, 11, ' Chico Norte II'),
(143, 11, ' Chico Norte III'),
(144, 11, ' Chico Occidental'),
(145, 11, ' El Chico'),
(146, 11, ' El Retiro'),
(147, 11, ' Espartillal'),
(148, 11, ' La Cabrera'),
(149, 11, ' Lago GaitÃ¡n'),
(150, 11, ' Porciuncula'),
(151, 11, ' Quinta Camacho'),
(152, 12, 'Bellavista'),
(153, 12, ' Chico Alto'),
(154, 12, ' Chico Reservado'),
(155, 12, ' El Nogal'),
(156, 12, ' El Refugio'),
(157, 12, ' La Cabrera'),
(158, 12, ' Los Rosales'),
(159, 12, ' Seminario'),
(160, 12, ' Toscana'),
(161, 13, 'Bosque CalderÃ³n'),
(162, 13, ' Bosque CalderÃ³n Tejada'),
(163, 13, ' Chapinero Alto'),
(164, 13, ' El Castillo'),
(165, 13, ' El ParaÃ­so'),
(166, 13, ' EmaÃºs'),
(167, 13, ' Granada'),
(168, 13, ' Ingemar'),
(169, 13, ' Juan XXIII'),
(170, 13, ' La Salle'),
(171, 13, ' Las Acacias'),
(172, 13, ' Los Olivos'),
(173, 13, ' MarÃ­a Cristina'),
(174, 13, ' Mariscal Sucre'),
(175, 13, ' Nueva Granada'),
(176, 13, ' Palomar'),
(177, 13, ' Pardo Rubio'),
(178, 13, ' San MartÃ­n de Porres'),
(179, 13, ' Villa Anita'),
(180, 13, ' Villa del Cerro'),
(181, 14, 'La Esperanza Nororiental'),
(182, 14, ' La SureÃ±a'),
(183, 14, ' San Isidro'),
(184, 14, ' San Luis Altos del Cabo'),
(185, 15, 'Bosque Izquierdo'),
(186, 15, ' Germania'),
(187, 15, ' La Macarena'),
(188, 15, ' La Paz Centro'),
(189, 15, ' La Perseverancia'),
(190, 16, 'Las Cruces'),
(191, 16, 'San Bernardo'),
(192, 17, 'La Alameda'),
(193, 17, ' La Capuchina'),
(194, 17, ' La Veracruz'),
(195, 17, ' Las Nieves'),
(196, 17, ' Santa InÃ©s'),
(197, 18, 'Atanasio Giradot'),
(198, 18, ' Cartagena'),
(199, 18, ' Egipto'),
(200, 18, ' Egipto Alto (J.C. Turbay)'),
(201, 18, ' El BalcÃ³n'),
(202, 18, ' El Consuelo'),
(203, 18, ' El Dorado'),
(204, 18, ' El Guavio'),
(205, 18, ' El Mirador'),
(206, 18, ' El RocÃ­o'),
(207, 18, ' El Triunfo'),
(208, 18, ' FÃ¡brica de Loza'),
(209, 18, ' Gran Colombia'),
(210, 18, ' La PeÃ±a'),
(211, 18, ' Los Laches'),
(212, 18, ' Lourdes'),
(213, 18, ' RamÃ­rez'),
(214, 18, ' San Dionisio'),
(215, 18, ' Santa Rosa de Lima'),
(216, 18, ' Vitelma'),
(217, 19, 'La Merced'),
(218, 19, ' Parque Central Bavaria'),
(219, 19, ' Sagrado CorazÃ³n'),
(220, 19, ' San Diego'),
(221, 19, ' San MartÃ­n'),
(222, 19, ' Torres del Parque'),
(223, 20, ' Parque Central Bavaria'),
(224, 20, ' Sagrado CorazÃ³n'),
(225, 20, ' San Diego'),
(226, 20, ' San MartÃ­n'),
(227, 20, ' Torres del Parque'),
(228, 20, ' Barcelona Sur'),
(229, 20, ' Barcelona Sur Oriental'),
(230, 20, ' Bello Horizonte'),
(231, 20, ' Bello Horizonte III Sector'),
(232, 20, ' CÃ³rdoba'),
(233, 20, ' El Ãnglo'),
(234, 20, ' El Encanto'),
(235, 20, ' Granada Sur'),
(236, 20, ' Granada Sur III Sector'),
(237, 20, ' La Joyita'),
(238, 20, ' La Serafina'),
(239, 20, ' Las Lomas'),
(240, 20, ' Managua'),
(241, 20, ' Montebello'),
(242, 20, ' San Isidro I y II'),
(243, 20, ' San Isidro Sur'),
(244, 20, ' San Luis'),
(245, 20, ' Sur AmÃ©rica'),
(246, 20, ' villa de Los Alpes'),
(247, 20, ' Villa de Los Alpes I'),
(248, 20, ' Villa Nataly 20 de Julio'),
(249, 21, 'Altamira'),
(250, 21, ' Altamira Chiquita'),
(251, 21, ' Altos del Poblado'),
(252, 21, ' Altos del Virrey'),
(253, 21, ' Altos del Zuque'),
(254, 21, ' Bellavista Parte Alta'),
(255, 21, ' Bellavista Sur Oriental'),
(256, 21, ' Buenos Aires'),
(257, 21, ' Ciudadela Santa Rosa'),
(258, 21, ' El QuindÃ­o'),
(259, 21, ' El Recodo-RepÃºblica de CanadÃ¡'),
(260, 21, ' El Rodeo'),
(261, 21, ' La Colmena'),
(262, 21, ' La Gloria'),
(263, 21, ' La Gloria BAja'),
(264, 21, ' La Gloria Mz 11'),
(265, 21, ' La Gloria Occidental'),
(266, 21, ' La Gloria Oriental'),
(267, 21, ' La Gloria San Mibuel'),
(268, 21, ' La Grovana'),
(269, 21, ' La Victoria'),
(270, 21, ' La Victoria II Sector'),
(271, 21, ' La Victoria III Sector'),
(272, 21, ' las Gaviotas'),
(273, 21, ' Las Guacamayas'),
(274, 21, ' Las Guacamayas I'),
(275, 21, ' II y III'),
(276, 21, ' Las Lomas'),
(277, 21, ' Los Puentes'),
(278, 21, ' Malvinas'),
(279, 21, ' Miraflores'),
(280, 21, ' Moralva'),
(281, 21, ' Panorama'),
(282, 21, ' Paseito III'),
(283, 21, ' Puente Colorado'),
(284, 21, ' QuindÃ­o'),
(285, 21, ' QuindÃ­o I y II'),
(286, 21, ' QuindÃ­o II'),
(287, 21, ' San JosÃ©'),
(288, 21, ' San JosÃ© Oriental'),
(289, 21, ' San JosÃ© Sur Oriental'),
(290, 21, ' San MartÃ­n de Loba I y II'),
(291, 21, ' San MartÃ­n Sur'),
(292, 22, 'Antioquia'),
(293, 22, ' CanadÃ¡ La Guira'),
(294, 22, ' CanadÃ¡ La Guira II Sector'),
(295, 22, ' CanadÃ¡-San Luis'),
(296, 22, ' Chiguaza'),
(297, 22, ' Ciudad de londres'),
(298, 22, ' El ParaÃ­so'),
(299, 22, ' El Pinar o Rep. del CanadÃ¡ II S.'),
(300, 22, ' El Triunfo'),
(301, 22, ' Juan Rey (La Paz)'),
(302, 22, ' La Belleza'),
(303, 22, ' La Nueva Gloria'),
(304, 22, ' La Nueva Gloria II Sector'),
(305, 22, ' La PenÃ­nsula'),
(306, 22, ' La Sierra'),
(307, 22, ' Las Gaviotas'),
(308, 22, ' Los Libertadores'),
(309, 22, ' Los Libertadores S. El Tesoro'),
(310, 22, ' Los Libertadores S. La Colina'),
(311, 22, ' Los Libertadores S. San Ignacio'),
(312, 22, ' Los Libertadores S. San Isidro'),
(313, 22, ' Los Libertadores S. San JosÃ©'),
(314, 22, ' Los Libertadores S. San Luis'),
(315, 22, ' Los Libertadores S. San Miguel'),
(316, 22, ' Los Libertadores Bque. Diamante'),
(317, 22, ' Los Pinares'),
(318, 22, ' Los Pinos'),
(319, 22, ' Los Puentes'),
(320, 22, ' Nueva Delly'),
(321, 22, ' Nueva Gloria'),
(322, 22, ' Nueva Roma'),
(323, 22, ' Nuevas Malvinas o El Triunfo'),
(324, 22, ' RepÃºblica del CanadÃ¡'),
(325, 22, ' RepÃºblica del CanadÃ¡-El Pinar'),
(326, 22, ' San Jacinto'),
(327, 22, ' San Manuel'),
(328, 22, ' San Rafael Sur Oriental'),
(329, 22, ' San Rafael Usme'),
(330, 22, ' Sana Rita I'),
(331, 22, ' II y III'),
(332, 22, ' Santa Rita Sur Oriental'),
(333, 22, ' ValparaÃ­so'),
(334, 22, ' Villa AngÃ©lica CanadÃ¡ La Guira'),
(335, 22, ' Villa Aurora'),
(336, 22, ' Villa del Cerro'),
(337, 22, ' Villabell'),
(338, 22, ' Yomasa'),
(339, 22, ' Villa AngÃ©lica'),
(340, 22, ' El ParaÃ­so Sur Oriental I Sec.'),
(341, 22, ' Juan Rey I y II'),
(342, 22, ' Villa Begonia'),
(343, 23, 'Aguas Claras'),
(344, 23, ' Altos del Zipa'),
(345, 23, ' Amapolas'),
(346, 23, ' Amapolas II'),
(347, 23, ' BalcÃ³n de la CastaÃ±a'),
(348, 23, ' Bella Vista Sector Lucero'),
(349, 23, ' Bellavista Parte Baja'),
(350, 23, ' Bellavista Sur'),
(351, 23, ' Bosque de Los Alpes'),
(352, 23, ' Buenavista Suroriental'),
(353, 23, ' Camino Viejo San CristÃ³bal'),
(354, 23, ' Cerros de San Vicente'),
(355, 23, ' Ciudad de Londres'),
(356, 23, ' Corinto'),
(357, 23, ' El BalcÃ³n de la CastaÃ±a'),
(358, 23, ' El Futuro'),
(359, 23, ' El Ramajal'),
(360, 23, ' El Ramajal (San Pedro)'),
(361, 23, ' Gran Colombia (Molinos de Oriente)'),
(362, 23, ' Horacio Orjuela'),
(363, 23, ' La CastaÃ±a'),
(364, 23, ' La Cecilia'),
(365, 23, ' La Gran Colombia'),
(366, 23, ' La Herradura'),
(367, 23, ' La Joyita Centro (Bello Horizonte)'),
(368, 23, ' La Playa'),
(369, 23, ' La Roca'),
(370, 23, ' La Sagrada Familia'),
(371, 23, ' Las Acacias'),
(372, 23, ' Las Mercedes'),
(373, 23, ' Laureles Sur Oriental II Sector'),
(374, 23, ' Los Alpes'),
(375, 23, ' Los Alpes Futuro'),
(376, 23, ' Los Arrayanes Sector Santa InÃ©s'),
(377, 23, ' Los Laureles Sur Oriental I Sec.'),
(378, 23, ' Macarena Los Alpes'),
(379, 23, ' Manantial'),
(380, 23, ' Manila'),
(381, 23, ' Miraflores'),
(382, 23, ' Molinos de Oriente'),
(383, 23, ' Montecarlo'),
(384, 23, ' Nueva EspaÃ±a'),
(385, 23, ' Nueva EspaÃ±a Parte Alta'),
(386, 23, ' Ramajal'),
(387, 23, ' RincÃ³n de La Victoria-B/Vista'),
(388, 23, ' Sagrada Familia'),
(389, 23, ' San Blas'),
(390, 23, ' San Blas (Parcelas)'),
(391, 23, ' San Blas II Sector'),
(392, 23, ' San CristÃ³bal Alto'),
(393, 23, ' San CristÃ³bal Viejo'),
(394, 23, ' San Pedro'),
(395, 23, ' San Vicente'),
(396, 23, ' San Vicente Alto'),
(397, 23, ' San Vicente Bajo'),
(398, 23, ' San Vicente Sur Oriente'),
(399, 23, ' Santa InÃ©s'),
(400, 23, ' Santa InÃ©s Sur'),
(401, 23, ' Terrazas de Oriente'),
(402, 23, ' TriÃ¡ngulo'),
(403, 23, ' TriÃ¡ngulo Alto'),
(404, 23, ' TriÃ¡ngulo Bajo'),
(405, 23, ' Vereda Altos de San Blas'),
(406, 23, ' Vitelma'),
(407, 24, 'Buenos Aires'),
(408, 24, ' Calvo Sur'),
(409, 24, ' Camino Viejo de San CristÃ³bal'),
(410, 24, ' Golconda'),
(411, 24, ' La MarÃ­a'),
(412, 24, ' Las Brisas'),
(413, 24, ' Los Dos Leones'),
(414, 24, ' Modelo Sur'),
(415, 24, ' NariÃ±o Sur'),
(416, 24, ' Primero de Mayo'),
(417, 24, ' Quinta Ramos'),
(418, 24, ' RepÃºblica de Venezuela'),
(419, 24, ' San CristÃ³bal Sur'),
(420, 24, ' San Javier'),
(421, 24, ' Santa Ana'),
(422, 24, ' Santa Ana Sur'),
(423, 24, ' Sosiego'),
(424, 24, ' Velodromo'),
(425, 24, ' Villa Albania'),
(426, 24, ' Villa Javier'),
(427, 25, 'Alfonso LÃ³pez Sector Buenos Aires'),
(428, 25, ' Alfonso LÃ³pez Sector Charala'),
(429, 25, ' Alfonso LÃ³pez Sector El Progreso'),
(430, 25, ' Brisas del Llano'),
(431, 25, ' El Nuevo Portal'),
(432, 25, ' El ParaÃ­so'),
(433, 25, ' El Portal del Divino'),
(434, 25, ' El Portal II Etapa'),
(435, 25, ' El Progreso Usme'),
(436, 25, ' El Refugio I y II'),
(437, 25, ' El TriÃ¡ngulo'),
(438, 25, ' El Uval'),
(439, 25, ' El Uval II Sector'),
(440, 25, ' La Huerta'),
(441, 25, ' La OrquÃ­dea Usme'),
(442, 25, ' La Reforma'),
(443, 25, ' Nuevo Porvenir'),
(444, 25, ' Nuevo Progreso-El Progreso II Sector'),
(445, 25, ' Portal de La Vega'),
(446, 25, ' Portal de Oriente'),
(447, 25, ' Portal del Divino'),
(448, 25, ' Puerta Al Llano'),
(449, 25, ' Puerta Al Llano II'),
(450, 25, ' Refugio I'),
(451, 25, ' Villa Hermosa'),
(452, 26, 'Ciudadela El Oasis'),
(453, 26, ' Brisas del Llano'),
(454, 26, ' Centro Usme'),
(455, 26, ' El Bosque Km. 11'),
(456, 26, ' El Oasis'),
(457, 26, ' El Pedregal La Lira'),
(458, 26, ' El Salteador'),
(459, 26, ' La MarÃ­a'),
(460, 27, 'Alfonso LÃ³pez Sector Charala'),
(461, 27, ' Antonio JosÃ© de Sucre'),
(462, 27, ' Antonio JosÃ© de Sucre I'),
(463, 27, ' Antonio JosÃ© de Sucre II'),
(464, 27, ' Antonio JosÃ© de Sucre III'),
(465, 27, ' Bellavista Alta'),
(466, 27, ' Bellavista II Sector'),
(467, 27, ' Bosque El Limonar'),
(468, 27, ' Bosque El Limonar II Sector'),
(469, 27, ' Brazuelos'),
(470, 27, ' Brazuelos Occidental'),
(471, 27, ' Brazuelos Sector El ParaÃ­so'),
(472, 27, ' Brazuelos Sector La Esmeralda'),
(473, 27, ' Centro Educativo San JosÃ©'),
(474, 27, ' Chapinerito'),
(475, 27, ' Chico Sur'),
(476, 27, ' Chico Sur II Sector'),
(477, 27, ' Ciudadela Canta Rana I  II  III Sector'),
(478, 27, ' Comuneros'),
(479, 27, ' El Brillante'),
(480, 27, ' El Espino'),
(481, 27, ' El MortiÃ±o'),
(482, 27, ' El RubÃ­'),
(483, 27, ' El Tuno'),
(484, 27, ' El Uval'),
(485, 27, ' El Virrey Ãšltima Etapa'),
(486, 27, ' Finca La Esperanza'),
(487, 27, ' La Esmeralda El Recuerdo'),
(488, 27, ' La Esperanza Km. 10'),
(489, 27, ' Las Brisas'),
(490, 27, ' Las Flores'),
(491, 27, ' Las Mercedes'),
(492, 27, ' Lorenzo Alcantuz I Sector'),
(493, 27, ' Lorenzo Alcantuz II Sector'),
(494, 27, ' Los Altos del Brazuelo'),
(495, 27, ' Marichuela III Sector (Cafam II S.)'),
(496, 27, ' Monteblanco'),
(497, 27, ' Montevideo'),
(498, 27, ' Nuevo San Luis'),
(499, 27, ' San JoaquÃ­n El Uval'),
(500, 27, ' Sector Granjas de San Pedro'),
(501, 27, ' Tenerife'),
(502, 27, ' Tenerife II Sector'),
(503, 27, ' UrbanizaciÃ³n Chuniza I'),
(504, 27, ' UrbanizaciÃ³n JarÃ³n Monte Rubio'),
(505, 27, ' UrbanizaciÃ³n LÃ­bano'),
(506, 27, ' UrbanizaciÃ³n Marichuela'),
(507, 27, ' Usminia'),
(508, 27, ' Villa Alemania'),
(509, 27, ' Villa Alemania II Sector'),
(510, 27, ' Villa Anita Sur'),
(511, 27, ' Villa Israel'),
(512, 27, ' Villa Israel II'),
(513, 28, 'Alaska'),
(514, 28, ' Arrayanes'),
(515, 28, ' Danubio Azul'),
(516, 28, ' Daza Sector II'),
(517, 28, ' Duitama'),
(518, 28, ' El Porvenir'),
(519, 28, ' El Porvenir II Sector'),
(520, 28, ' Fiscala II La Fortuna'),
(521, 28, ' Fiscala Sector Centro'),
(522, 28, ' La Fiscala Los Tres Laureles'),
(523, 28, ' La Fiscala Lote 16'),
(524, 28, ' La Fiscala Lote 16A'),
(525, 28, ' La Fiscala Sector Centro'),
(526, 28, ' La Fiscala Sector Daza'),
(527, 28, ' La Fiscala Sector Norte'),
(528, 28, ' La Fiscala Sector RodrÃ­guez'),
(529, 28, ' La Morena I'),
(530, 28, ' La Morena II'),
(531, 28, ' La Morena II (Sector Villa Sandra)'),
(532, 28, ' Morena II Sector Villa Sandra'),
(533, 28, ' Nueva Esperanza'),
(534, 28, ' San Martin'),
(535, 28, ' Villa Neiza'),
(536, 28, ' Picota Sur'),
(537, 28, ' Porvenir'),
(538, 29, 'Almirante Padilla'),
(539, 29, ' Altos del Pino'),
(540, 29, ' Arizona'),
(541, 29, ' Barranquillita'),
(542, 29, ' BenjamÃ­n Uribe'),
(543, 29, ' Betania'),
(544, 29, ' Betania II'),
(545, 29, ' Bolonia'),
(546, 29, ' Bulevar del Sur'),
(547, 29, ' Casa Loma II; Casa Rey'),
(548, 29, ' Casaloma'),
(549, 29, ' Compostela I'),
(550, 29, ' Compostela II'),
(551, 29, ' Compostela III'),
(552, 29, ' El Bosque'),
(553, 29, ' El Cortijo'),
(554, 29, ' El Curubo'),
(555, 29, ' El JordÃ¡n'),
(556, 29, ' El Nevado'),
(557, 29, ' El Pedregal'),
(558, 29, ' El Recuerdo Sur'),
(559, 29, ' El Refugio'),
(560, 29, ' El Refugio Sector Santa Librada'),
(561, 29, ' El Rosal-Mirador'),
(562, 29, ' El RubÃ­ II Sector'),
(563, 29, ' Gran Yomasa I'),
(564, 29, ' Gran Yomasa II Sector'),
(565, 29, ' La Andrea'),
(566, 29, ' La Aurora'),
(567, 29, ' La CabaÃ±a'),
(568, 29, ' La Esperanza'),
(569, 29, ' La Fortaleza'),
(570, 29, ' La Regadera Km. 11'),
(571, 29, ' La Regadera Sur'),
(572, 29, ' Las Granjas de San Pedro (Santa Librada)'),
(573, 29, ' Las Viviendas'),
(574, 29, ' Los Tejares Sur II Sector'),
(575, 29, ' Nuevo San AndrÃ©s de los Altos'),
(576, 29, ' Olivares'),
(577, 29, ' Salazar Salazar'),
(578, 29, ' San AndrÃ©s Alto'),
(579, 29, ' San Felipe'),
(580, 29, ' San Isidro Sur'),
(581, 29, ' San Juan Bautista'),
(582, 29, ' San Juan I Sector'),
(583, 29, ' San Juan II Sector'),
(584, 29, ' San Juan II y III Sector'),
(585, 29, ' San Librada Los Tejares'),
(586, 29, ' San Luis'),
(587, 29, ' San Pablo'),
(588, 29, ' Santa Librada'),
(589, 29, ' Santa Librada La Esperanza'),
(590, 29, ' Santa Librada La SureÃ±a'),
(591, 29, ' Santa Librada Los Tejares (Gran Yomasa)'),
(592, 29, ' Santa LibradaNorte'),
(593, 29, ' Santa Librada S. San Bernardino'),
(594, 29, ' Santa Librada S. San Francisco'),
(595, 29, ' Santa Librada Salazar Salazar'),
(596, 29, ' Santa Librada Sector La PeÃ±a'),
(597, 29, ' Santa Marta II Sector'),
(598, 29, ' Santa Martha'),
(599, 29, ' Santa Martha II'),
(600, 29, ' Sierra Morena'),
(601, 29, ' Tenerife II Sector'),
(602, 29, ' UrbanizaciÃ³n Brasilia II Sector'),
(603, 29, ' UrbanizaciÃ³n Brasilia Sur'),
(604, 29, ' UrbanizaciÃ³n Cartagena'),
(605, 29, ' Urb. Costa Rica Barrio San AndrÃ©s de Los Altos'),
(606, 29, ' UrbanizaciÃ³n La Andrea'),
(607, 29, ' UrbanizaciÃ³n La Aurora II Etapa'),
(608, 29, ' UrbanizaciÃ³n Miravalle'),
(609, 29, ' UrbanizaciÃ³n Tequendama'),
(610, 29, ' Vianey'),
(611, 29, ' Villa AlejandrÃ­a'),
(612, 29, ' Villa Nelly'),
(613, 29, ' Villas de Santa Isabel-P. Entre Nubes'),
(614, 29, ' Villas del EdÃ©n'),
(615, 29, ' Yomasita'),
(616, 30, 'Buenos Aires'),
(617, 30, ' Costa Rica'),
(618, 30, ' DoÃ±a Liliana'),
(619, 30, ' El Bosque Km. 11'),
(620, 30, ' Juan JosÃ© RondÃ³n'),
(621, 30, ' Juan JosÃ© RondÃ³n II Sector'),
(622, 30, ' Juan Rey Sur'),
(623, 30, ' La CabaÃ±a'),
(624, 30, ' La Esperanza'),
(625, 30, ' La Flora ParcelaciÃ³n San Pedro'),
(626, 30, ' Las Violetas'),
(627, 30, ' Los Arrayanes'),
(628, 30, ' Los Soches'),
(629, 30, ' ParcelaciÃ³n San Pedro'),
(630, 30, ' Tihuaque'),
(631, 30, ' UniÃ³n'),
(632, 30, ' Villa Diana'),
(633, 30, ' Villa Rosita'),
(634, 31, 'Arrayanes'),
(635, 31, ' Bolonia'),
(636, 31, ' El Bosque Central'),
(637, 31, ' El Nuevo Portal II'),
(638, 31, ' El Refugio I'),
(639, 31, ' La Esperanza Sur'),
(640, 31, ' Los Olivares'),
(641, 31, ' Pepinitos'),
(642, 31, ' Tocaimita Oriental'),
(643, 31, ' Tocaimita Sur'),
(644, 32, 'Abraham Lincoln'),
(645, 32, ' San Benito'),
(646, 32, ' San Carlos'),
(647, 32, ' Tunalito'),
(648, 32, ' Tunjuelito'),
(649, 33, 'Ciudad Tunal'),
(650, 33, ' Condado de Santa LucÃ­a'),
(651, 33, ' Conjunto Residencial Nuevo Muzu'),
(652, 33, ' El Carmen'),
(653, 33, ' Escuela de Policia General Santander'),
(654, 33, ' FÃ¡tima'),
(655, 33, ' Isla del Sol'),
(656, 33, ' Laguneta'),
(657, 33, ' Nuevo Muzu'),
(658, 33, ' Ontario'),
(659, 33, ' Parque Metropolitano El Tunal'),
(660, 33, ' Parque Real'),
(661, 33, ' RincÃ³n de Muzu'),
(662, 33, ' RincÃ³n de Nuevo Muzu'),
(663, 33, ' RincÃ³n de Venecia'),
(664, 33, ' Samore'),
(665, 33, ' San Vicente'),
(666, 33, ' San Vicente Ferrer'),
(667, 33, ' Santa LucÃ­a'),
(668, 33, ' Tejar de Ontario'),
(669, 33, ' Venecia'),
(670, 33, ' Venecia Occidental'),
(671, 33, ' Villa Ximena'),
(672, 34, 'El Motorista'),
(673, 34, ' Industrial'),
(674, 34, ' Jardines del Apogeo'),
(675, 34, ' La IlusiÃ³n'),
(676, 34, ' Nuevo Chile'),
(677, 34, ' Olarte'),
(678, 34, ' Villas del RÃ­o'),
(679, 35, 'AndalucÃ­a'),
(680, 35, ' AndalucÃ­a II'),
(681, 35, ' Antonia Santos'),
(682, 35, ' Argelia'),
(683, 35, ' Argelia II'),
(684, 35, ' Bosa'),
(685, 35, ' Bosques de meryland'),
(686, 35, ' Brasiia La EstaciÃ³n'),
(687, 35, ' Carlos AlbÃ¡n HolguÃ­n Nueva Granada'),
(688, 35, ' Carlos AlbÃ¡n Sector Israelita'),
(689, 35, ' Carlos AlbÃ¡n Sector Miraflores'),
(690, 35, ' Carlos GalbÃ¡n'),
(691, 35, ' Charles de Gaulle'),
(692, 35, ' Charles de Gaulle II'),
(693, 35, ' Claretiano'),
(694, 35, ' El JardÃ­n'),
(695, 35, ' El JardÃ­n San Eugenio'),
(696, 35, ' El Libertador'),
(697, 35, ' El Llanito'),
(698, 35, ' El Llano (Sector GuzmÃ¡n)'),
(699, 35, ' El Llano Mz A'),
(700, 35, ' El Llano Sector Fandino'),
(701, 35, ' El Palmar'),
(702, 35, ' El Portal de Bosa'),
(703, 35, ' El Porvenir'),
(704, 35, ' El Progreso'),
(705, 35, ' El Retazo'),
(706, 35, ' El Toche'),
(707, 35, ' El TriÃ¡ngulo Sector Materas'),
(708, 35, ' GetsemanÃ­'),
(709, 35, ' Grancolombiano I'),
(710, 35, ' Grancolombiano II Laures Mz L3'),
(711, 35, ' M'),
(712, 35, ' N'),
(713, 35, ' P'),
(714, 35, ' Q'),
(715, 35, ' Grancolombiano II Sector'),
(716, 35, ' Gualoche'),
(717, 35, ' Hermanos BarragÃ¡n'),
(718, 35, ' Humberto Valencia'),
(719, 35, ' Humberto Valencia II'),
(720, 35, ' Islandia'),
(721, 35, ' Islandia II'),
(722, 35, ' Islandia III'),
(723, 35, ' Islandia IV'),
(724, 35, ' Israelita'),
(725, 35, ' JimÃ©nez de Quesada'),
(726, 35, ' JimÃ©nez de Quesada II Sector'),
(727, 35, ' JosÃ© Antonio GalÃ¡n'),
(728, 35, ' JosÃ© MarÃ­a Carbonel I y II Sector'),
(729, 35, ' La Amistad'),
(730, 35, ' La Aurora'),
(731, 35, ' La Azucena'),
(732, 35, ' La Azucena Mz. A'),
(733, 35, ' La Azucena Mz. B'),
(734, 35, ' La Azucena Sector El TriÃ¡ngulo'),
(735, 35, ' La Cruz de Terreros'),
(736, 35, ' La Ele II Sector Los Laureles'),
(737, 35, ' La Esmeralda'),
(738, 35, ' La Esperanza de Tibanica'),
(739, 35, ' La EstaciÃ³n'),
(740, 35, ' La EstaciÃ³n Areneras'),
(741, 35, ' La EstaciÃ³n Distrital Fca. RaÃ­z'),
(742, 35, ' La Palestina I'),
(743, 35, ' La Primavera'),
(744, 35, ' La Riviera II'),
(745, 35, ' La Sultana'),
(746, 35, ' Las Margaritas'),
(747, 35, ' Las Soltanas'),
(748, 35, ' Laureles III'),
(749, 35, ' Laureles La EstaciÃ³n'),
(750, 35, ' Llano Oriental'),
(751, 35, ' Llanos de Bosa'),
(752, 35, ' Manzanares'),
(753, 35, ' Miraflores II Sector'),
(754, 35, ' Mitrani'),
(755, 35, ' Naranjos El Retrazo'),
(756, 35, ' NicolÃ¡s Escobar'),
(757, 35, ' Nueva Granada'),
(758, 35, ' Nueva Granada II Sector'),
(759, 35, ' Nueva Granada II Sector (TÃ­boli)'),
(760, 35, ' Nueva Granada V Sector'),
(761, 35, ' Pablo VI'),
(762, 35, ' Palestina'),
(763, 35, ' Paso Ancho'),
(764, 35, ' Piamonte I Etapa'),
(765, 35, ' Primavera Sur'),
(766, 35, ' Providencia'),
(767, 35, ' San Eugenio'),
(768, 35, ' San Eugenio II'),
(769, 35, ' San JosÃ© Los Naranjos'),
(770, 35, ' San Judas (B. La EstaciÃ³n)'),
(771, 35, ' San Pablo I Sector'),
(772, 35, ' San Pablo II Sector'),
(773, 35, ' San Pedro'),
(774, 35, ' Santa LucÃ­a'),
(775, 35, ' Sub Sta. LucÃ­a'),
(776, 35, ' Sub TriÃ¡ngulo Las Materas'),
(777, 35, ' Sub Urb. Claretiana'),
(778, 35, ' Tierra Gratis'),
(779, 35, ' Urb. Acuarela I y II'),
(780, 35, ' Urb. Tanque de Bosa'),
(781, 35, ' Verd. Sector San JosÃ©'),
(782, 35, ' Villa Anay'),
(783, 35, ' Villa Anni (Bosa Naranjos)'),
(784, 35, ' Villa Bosa'),
(785, 35, ' Villa Nohora'),
(786, 35, ' Xochimilco'),
(787, 36, 'Amaruc'),
(788, 36, ' BerlÃ­n'),
(789, 36, ' BerlÃ­n de Bosa La Libertad III'),
(790, 36, ' Betania'),
(791, 36, ' Bosa Nova'),
(792, 36, ' Bosa Nova II Sector'),
(793, 36, ' Bosalinda (Hildebrando Olarte)'),
(794, 36, ' Brasil II Sector'),
(795, 36, ' Brasil II Segunda Etapa'),
(796, 36, ' Brasil LÃ³pez y PiÃ±eros'),
(797, 36, ' Brasil Materas Acacias S. Jorge'),
(798, 36, ' Brasil Sector Barreto'),
(799, 36, ' Brasil Sector Portal y Castillo'),
(800, 36, ' Brasilia 2Âº Sector'),
(801, 36, ' Brasilia 3Âº Sector'),
(802, 36, ' Brasilia I Sector'),
(803, 36, ' Campo Hermoso'),
(804, 36, ' Casa Nueva'),
(805, 36, ' Chico Sur'),
(806, 36, ' Chiicala'),
(807, 36, ' Ciudadela La Libertad II'),
(808, 36, ' Danubio'),
(809, 36, ' Danubio Azul I'),
(810, 36, ' Danubio II'),
(811, 36, ' Danubio III'),
(812, 36, ' Diamante Sur'),
(813, 36, ' Divino NiÃ±o'),
(814, 36, ' El Bosque de Bosa'),
(815, 36, ' El Cauce'),
(816, 36, ' El Diamante'),
(817, 36, ' El JazmÃ­n Sector El TriÃ¡ngulo'),
(818, 36, ' El Libertador'),
(819, 36, ' El Libertador II'),
(820, 36, ' El Paradero'),
(821, 36, ' El ParaÃ­so'),
(822, 36, ' El Portal de La Libertad'),
(823, 36, ' El Portal I y II Sector'),
(824, 36, ' El Porvenir II Sector'),
(825, 36, ' El Porvenir III'),
(826, 36, ' El Porvenir Sector Brasil'),
(827, 36, ' El Progreso II Sector'),
(828, 36, ' El Recuerdo 4 A'),
(829, 36, ' El Recuerdo 5'),
(830, 36, ' El Recuerdo 6'),
(831, 36, ' El Recuerdo 7'),
(832, 36, ' El Recuerdo II'),
(833, 36, ' El Recuerdo San Bernardino'),
(834, 36, ' El RincÃ³n de Bosa'),
(835, 36, ' El Rodeo'),
(836, 36, ' El RubÃ­'),
(837, 36, ' El Sauce'),
(838, 36, ' Escocia IX'),
(839, 36, ' Escocia V'),
(840, 36, ' Escocia VI Sectores I II y III'),
(841, 36, ' Escocia VII'),
(842, 36, ' Finca La Esperanza'),
(843, 36, ' Holanda'),
(844, 36, ' Holanda I Sector'),
(845, 36, ' Holanda II Sector'),
(846, 36, ' Holanda III Sector'),
(847, 36, ' Holanda Sector Caminito'),
(848, 36, ' Hortelanos de Escocia'),
(849, 36, ' Jorge Uribe Botero'),
(850, 36, ' La ConcepciÃ³n'),
(851, 36, ' La ConcepciÃ³n II Sector'),
(852, 36, ' La Dulcinea'),
(853, 36, ' La Esmeralda'),
(854, 36, ' La Esperanza I'),
(855, 36, ' La Esperanza II Sector'),
(856, 36, ' La Estanzuela'),
(857, 36, ' La Estanzuela II'),
(858, 36, ' La Florida IV Sector'),
(859, 36, ' La Fontana de Bosa La Libertad'),
(860, 36, ' La Fontana I y II'),
(861, 36, ' La Independencia'),
(862, 36, ' La Independencia II Sector'),
(863, 36, ' La Libertad'),
(864, 36, ' La Libertad II'),
(865, 36, ' La Libertad III'),
(866, 36, ' La Libertad IV'),
(867, 36, ' La Libertad Sector Magnolia'),
(868, 36, ' La Magnolia II'),
(869, 36, ' La MarÃ­a'),
(870, 36, ' La Palma'),
(871, 36, ' La Paz'),
(872, 36, ' La Paz II Sector'),
(873, 36, ' La Paz III'),
(874, 36, ' La Paz San Ignacio Las Vegas'),
(875, 36, ' La Paz San Ignacio Sec. La Esperanza'),
(876, 36, ' La Portada'),
(877, 36, ' La Portada II'),
(878, 36, ' La Portada III Sector'),
(879, 36, ' La Portadita'),
(880, 36, ' La Veguita'),
(881, 36, ' la Veguita II'),
(882, 36, ' La Veguita IV Sector'),
(883, 36, ' Las Margaritas III'),
(884, 36, ' Las Margaritas Sect. I y II'),
(885, 36, ' Las Vegas'),
(886, 36, ' Los HÃ©roes'),
(887, 36, ' Los Ocales'),
(888, 36, ' Los Sauces'),
(889, 36, ' Los Sauces Sector Cedro'),
(890, 36, ' Miami'),
(891, 36, ' New Jersey'),
(892, 36, ' Ntra. Sra. De La Paz â€“ La Esperanza'),
(893, 36, ' Ntra. Sra. De La Paz IV Sec.'),
(894, 36, ' Ntra. Sra. De La Paz Villa Esmeralda'),
(895, 36, ' Ntra. Sra. De La Paz y Otros'),
(896, 36, ' Nueva Escocia'),
(897, 36, ' Nueva Esperanza'),
(898, 36, ' Porvenir La ConcepciÃ³n'),
(899, 36, ' Porvenir Parc. 17A y 17B'),
(900, 36, ' Porvenir Parc. 33'),
(901, 36, ' Potreritos'),
(902, 36, ' San Antonio'),
(903, 36, ' San Antonio de Bosa'),
(904, 36, ' San Antonio de Escocia'),
(905, 36, ' San Antonio de Escocia II'),
(906, 36, ' San Bernardino'),
(907, 36, ' San Bernardino Sector II'),
(908, 36, ' San Bernardino Sector Protrerito'),
(909, 36, ' San Bernardino Sector Villa Emma'),
(910, 36, ' San Diego La Paz IV Sector'),
(911, 36, ' San Fernando N. S. de La Paz'),
(912, 36, ' San Javier'),
(913, 36, ' San JoaquÃ­n'),
(914, 36, ' San Jorge'),
(915, 36, ' San Jorge II'),
(916, 36, ' San Juanito'),
(917, 36, ' San Luis'),
(918, 36, ' San Luis II'),
(919, 36, ' San MartÃ­n'),
(920, 36, ' San Pedro'),
(921, 36, ' San Pedro II'),
(922, 36, ' San Pedro II Sector A'),
(923, 36, ' San Pedro Sector C'),
(924, 36, ' Santa InÃ©s'),
(925, 36, ' Sauces II'),
(926, 36, ' Siracuza'),
(927, 36, ' Siracuza II'),
(928, 36, ' Tokio'),
(929, 36, ' Vegas de Santana'),
(930, 36, ' Vereda El Porvenir Sector Brasil'),
(931, 36, ' Villa Carolina'),
(932, 36, ' Villa Clemencia'),
(933, 36, ' Villa Clemencia Sector Tierra Grata'),
(934, 36, ' Villa Colombia'),
(935, 36, ' Villa Colombia II'),
(936, 36, ' Villa de Los Comuneros'),
(937, 36, ' Villa de Suaita'),
(938, 36, ' Villa Magda'),
(939, 36, ' Villa Magnolia'),
(940, 36, ' Villa Natalia'),
(941, 36, ' Villa Nohora'),
(942, 36, ' Villa Nohora II'),
(943, 36, ' Villa Nohora III'),
(944, 36, ' Villa Sonia I'),
(945, 36, ' Villa Sonia II'),
(946, 36, ' Villas del Progreso'),
(947, 36, ' Villas del Velero'),
(948, 37, 'Antonio NariÃ±o'),
(949, 37, ' Caldas'),
(950, 37, ' Campo Hermoso'),
(951, 37, ' CaÃ±averalejo'),
(952, 37, ' El Anhelo'),
(953, 37, ' El Corzo'),
(954, 37, ' El Porvenir'),
(955, 37, ' El Porvenir III'),
(956, 37, ' El Porvenir Parcela 23'),
(957, 37, ' El Porvenir San Luis'),
(958, 37, ' El Porvenir Sector Inducas'),
(959, 37, ' El Recuerdo'),
(960, 37, ' El Recuerdo de Santa Fe'),
(961, 37, ' El Regalo'),
(962, 37, ' El Regalo II'),
(963, 37, ' La Arboleda'),
(964, 37, ' La CabaÃ±a'),
(965, 37, ' La Granjita'),
(966, 37, ' La Suerte'),
(967, 37, ' La UniÃ³n'),
(968, 37, ' Las Margaritas'),
(969, 37, ' Los Centauros'),
(970, 37, ' Osorio X'),
(971, 37, ' Osorio XIII'),
(972, 37, ' Parcela El Porvenir'),
(973, 37, ' San Bernardino II'),
(974, 37, ' San Miguel'),
(975, 37, ' San Pablo'),
(976, 37, ' Santa BÃ¡rbara'),
(977, 37, ' Santa Fe'),
(978, 37, ' Santa Fe I y II'),
(979, 37, ' Santa Fe III Sector'),
(980, 37, ' Santa Isabel'),
(981, 37, ' Santafe de Bosa'),
(982, 37, ' UrbanizaciÃ³n Caldas'),
(983, 37, ' Villa Alegre'),
(984, 37, ' Villa AlegrÃ­a'),
(985, 37, ' Villa Esmeralda'),
(986, 37, ' Villa Karen'),
(987, 38, 'El Matorral'),
(988, 38, ' El Matorral de San Bernardino'),
(989, 38, ' El Triunfo'),
(990, 38, ' El Triunfo de San Bernardino'),
(991, 38, ' La Vega de San Bernardino Bajo'),
(992, 38, ' Potreritos'),
(993, 38, ' SAn Bernardino Sector Potrerito'),
(994, 38, ' San Bernardino XIX'),
(995, 38, ' San Bernardino XVI'),
(996, 38, ' San Bernardino XVII'),
(997, 38, ' San Bernardino XVIII'),
(998, 38, ' San Bernardino XXII'),
(999, 38, ' San Bernardino XXV'),
(1000, 39, 'AgrupaciÃ³n Pio X'),
(1001, 39, ' AgrupaciÃ³n Multifamiliar Villa Emilia'),
(1002, 39, ' AlfÃ©rez Real'),
(1003, 39, ' AmÃ©ricas Central'),
(1004, 39, ' AmÃ©ricas Occidental I'),
(1005, 39, ' II y III Etapa'),
(1006, 39, ' Antiguo HipÃ³dromo de Techo II Etapa'),
(1007, 39, ' Carvajal II Sector'),
(1008, 39, ' CentroamÃ©ricas'),
(1009, 39, ' Ciudad Kennedy'),
(1010, 39, ' Conjunto Res. El RincÃ³n de Mandalay'),
(1011, 39, ' Floresta Sur'),
(1012, 39, ' Fundadores'),
(1013, 39, ' Glorieta de Las AmÃ©ricas'),
(1014, 39, ' Hipotecho'),
(1015, 39, ' Igualdad I Sector'),
(1016, 39, ' Igualdad II Sector'),
(1017, 39, ' La Floresta'),
(1018, 39, ' La Igualdad'),
(1019, 39, ' La Llanura'),
(1020, 39, ' La Llanura Manzana P'),
(1021, 39, ' Las AmÃ©ricas'),
(1022, 39, ' Las AmÃ©ricas Sector GalÃ¡n'),
(1023, 39, ' Los Sauces'),
(1024, 39, ' Mandalay Etapa A Sector II'),
(1025, 39, ' Mandalya I Sector'),
(1026, 39, ' Mandalay III Sector'),
(1027, 39, ' Multifamiliares Villa Adriana Mz. H'),
(1028, 39, ' Nueva Marsella I'),
(1029, 39, ' II y III Sector'),
(1030, 39, ' Provivienda Oriental'),
(1031, 39, ' Santa Rosa de Carvajal'),
(1032, 39, ' Urb. Los Laureles (Sauces-Robles)'),
(1033, 39, ' Villa Adriana'),
(1034, 39, ' Villa Claudia'),
(1035, 40, 'Aloha'),
(1036, 40, ' Alsacia'),
(1037, 40, ' Ãticos de Las AmÃ©ricas'),
(1038, 40, ' Cooperativa de Suboficiales'),
(1039, 40, ' El Condado de La Paz'),
(1040, 40, ' Los Pinos de Marsella'),
(1041, 40, ' Lucitania'),
(1042, 40, ' Marsella'),
(1043, 40, ' Marsella Sector Norte I y II Etapa'),
(1044, 40, ' Multifamiliares La Paz El Ferrol'),
(1045, 40, ' Nuestra SeÃ±ora de La Paz'),
(1046, 40, ' San JosÃ© Occidental'),
(1047, 40, ' Unidad Oviedo'),
(1048, 40, ' UrbanizaciÃ³n Bavaria'),
(1049, 40, ' Villa Alsacia'),
(1050, 41, 'Calandaima'),
(1051, 41, ' Conjunto Residencial Prados de Castilla I - II y III'),
(1052, 41, ' GalÃ¡n'),
(1053, 41, ' Osorio'),
(1054, 41, ' Santa Fe del Tintal'),
(1055, 41, ' Tintala'),
(1056, 41, ' UrbanizaciÃ³n Unir Uno'),
(1057, 42, 'AgrupaciÃ³n de Vivienda Talavera (Talavera de la Reina)'),
(1058, 42, ' AlquerÃ­as de La Fragua'),
(1059, 42, ' AlquerÃ­as de La Fragua Sect. El ParaÃ­so'),
(1060, 42, ' AlquerÃ­as de La Fragua Villa Nueva'),
(1061, 42, ' AlquerÃ­as de La Fragua Sec. Santa Yolanda'),
(1062, 42, ' Bombay'),
(1063, 42, ' Carimagua I Sector'),
(1064, 42, ' Carvajal'),
(1065, 42, ' Carvajal Osorio'),
(1066, 42, ' Carvajal Techo I Sector'),
(1067, 42, ' Condado El Rey'),
(1068, 42, ' Delicias'),
(1069, 42, ' Desarrollo Nueva York'),
(1070, 42, ' El Pencil'),
(1071, 42, ' El Progreso I II Sector'),
(1072, 42, ' Gerona'),
(1073, 42, ' Guadalupe'),
(1074, 42, ' La CampiÃ±a'),
(1075, 42, ' La Chucua'),
(1076, 42, ' Las Torres'),
(1077, 42, ' Los Cristales'),
(1078, 42, ' Lucerna'),
(1079, 42, ' Milenta II y III Sector'),
(1080, 42, ' Multifamiliar Carimagua'),
(1081, 42, ' Nueva York'),
(1082, 42, ' Provivienda'),
(1083, 42, ' Provivienda Occidental'),
(1084, 42, ' Salvador Allende'),
(1085, 42, ' San AndrÃ©s'),
(1086, 42, ' San AndrÃ©s II Sector'),
(1087, 42, ' Super Manzana 6 A'),
(1088, 42, ' Tayrona Comercial'),
(1089, 42, ' UrbanizaciÃ³n Carvajal'),
(1090, 42, ' UrbanizaciÃ³n Las Delicias'),
(1091, 42, ' UrbanizaciÃ³n Nueva Delicias'),
(1092, 42, ' UrbanizaciÃ³n Renania'),
(1093, 42, ' Valencia La Chucua'),
(1094, 42, ' Villa Nueva'),
(1095, 43, 'AgrupaciÃ³n de Vivienda Pio XII'),
(1096, 43, ' Aloha Sector Norte'),
(1097, 43, ' AndalucÃ­a'),
(1098, 43, ' AndalucÃ­a II Sector'),
(1099, 43, ' Bavaria Techo II Sector I y II Etapa'),
(1100, 43, ' Bosques de Castilla'),
(1101, 43, ' Ciudad Don Bosco'),
(1102, 43, ' Ciudad Favidi'),
(1103, 43, ' Ciudad Techo 1'),
(1104, 43, ' El Castillo'),
(1105, 43, ' El Condado de la Paz'),
(1106, 43, ' El Portal de las AmÃ©ricas'),
(1107, 43, ' El RincÃ³n de Castilla'),
(1108, 43, ' El RincÃ³n de los Ãngeles'),
(1109, 43, ' El Tintal'),
(1110, 43, ' El Vergel'),
(1111, 43, ' El Vergel Lote 4'),
(1112, 43, ' El Vergel Occidental'),
(1113, 43, ' Lagos de Castilla'),
(1114, 43, ' Las Dos Avenidas I Etapa'),
(1115, 43, ' La Dos Avenidas II Etapa'),
(1116, 43, ' Monterrey'),
(1117, 43, ' Multifamiliares El Ferrol'),
(1118, 43, ' Nuestra SeÃ±ora de La Paz'),
(1119, 43, ' Osorio'),
(1120, 43, ' Oviedo'),
(1121, 43, ' Pio XII'),
(1122, 43, ' San JosÃ© Occidental'),
(1123, 43, ' San Juan del Castillo'),
(1124, 43, ' Santa Catalina Sector I y II'),
(1125, 43, ' Santa Cecilia'),
(1126, 43, ' UrbanizaciÃ³n Bavaria'),
(1127, 43, ' UrbanizaciÃ³n Castilla'),
(1128, 43, ' UrbanizaciÃ³n Castilla La Nueva'),
(1129, 43, ' UrbanizaciÃ³n Castilla Los Madriles'),
(1130, 43, ' UrbanizaciÃ³n Castilla Los Mandriles'),
(1131, 43, ' UrbanizaciÃ³n Castilla Real'),
(1132, 43, ' UrbanizaciÃ³n Castilla Reservado'),
(1133, 43, ' UrbanizaciÃ³n Catania'),
(1134, 43, ' UrbanizaciÃ³n Catania Castilla'),
(1135, 43, ' UrbanizaciÃ³n Pio XII'),
(1136, 43, ' Valladolid'),
(1137, 43, ' Villa Alsacia'),
(1138, 43, ' Villa Castilla'),
(1139, 43, ' Villa Galante'),
(1140, 43, ' Villa Liliana'),
(1141, 43, ' Villa Mariana'),
(1142, 43, ' VisiÃ³n de Colombia'),
(1143, 44, 'Amparo CaÃ±izares'),
(1144, 44, ' Chucua de La Vaca'),
(1145, 44, ' El Amparo'),
(1146, 44, ' El Llanito'),
(1147, 44, ' El Olivo'),
(1148, 44, ' El Portal de Patio Bonito'),
(1149, 44, ' El Saucedal'),
(1150, 44, ' La Concordia'),
(1151, 44, ' La Esperanza'),
(1152, 44, ' La MarÃ­a'),
(1153, 44, ' Llano Grande'),
(1154, 44, ' MarÃ­a Paz'),
(1155, 44, ' Pinar del RÃ­o'),
(1156, 44, ' PÃ­nar del RÃ­o II'),
(1157, 44, ' San Carlos'),
(1158, 44, ' Villa de La Loma'),
(1159, 44, ' Villa de La Loma II Sector Mz. 31 y 32'),
(1160, 44, ' Villa de La Torre'),
(1161, 44, ' Villa Emilia Amparo II Sector'),
(1162, 44, ' Villa Nelly'),
(1163, 44, ' Villa Nelly â€“ Los Alisos'),
(1164, 44, ' Vista Hermosa (Portal Patio Bonito)'),
(1165, 45, 'Alfonso LÃ³pez Michelsen'),
(1166, 45, ' Britalita'),
(1167, 45, ' Calarca'),
(1168, 45, ' Calarca II'),
(1169, 45, ' Casa Blanca Sur'),
(1170, 45, ' Class'),
(1171, 45, ' El Almenar'),
(1172, 45, ' El Carmelo'),
(1173, 45, ' Gran Britalia'),
(1174, 45, ' La Esperanza'),
(1175, 45, ' La MarÃ­a'),
(1176, 45, ' Pastranita I Sector'),
(1177, 45, ' Santa MarÃ­a de Kennedy'),
(1178, 45, ' Vegas de Santa Ana'),
(1179, 45, ' Villa Andrea'),
(1180, 45, ' Villa Anita'),
(1181, 45, ' Villa Clemencia Sector Villa Grata'),
(1182, 45, ' Villa Nelly'),
(1183, 45, ' Villa Zarzamora'),
(1184, 45, ' Villas de Kennedy'),
(1185, 46, 'Abraham Lincoln'),
(1186, 46, ' AgrupaciÃ³n de Vivienda El ParaÃ­so'),
(1187, 46, ' AgrupaciÃ³n Francisco JosÃ© de Caldas'),
(1188, 46, ' Casa Blanca I Etapa'),
(1189, 46, ' Casa Blanca II Etapa'),
(1190, 46, ' Centro CÃ­vico Ciudad Kennedy'),
(1191, 46, ' Ciudad Kennedy Central'),
(1192, 46, ' Ciudad Kennedy Norte'),
(1193, 46, ' Ciudad Kennedy Occidental'),
(1194, 46, ' Ciudad Kennedy Oriental'),
(1195, 46, ' Ciudad Kennedy Super Mz. 10'),
(1196, 46, ' Ciudad Kennedy Super Mz. 13'),
(1197, 46, ' Ciudad Kennedy Sur'),
(1198, 46, ' Conjunto Residencial Manuel MejÃ­a'),
(1199, 46, ' El Descanso'),
(1200, 46, ' Kennedy Norte Super Mz. 11'),
(1201, 46, ' Kennedy Occidental Mz. 14'),
(1202, 46, ' Kennedy Occidental Mz. 15'),
(1203, 46, ' Kennedy Oriental Super Mz. 2'),
(1204, 46, ' Kennedy Oriental Super Mz. 3'),
(1205, 46, ' Kennedy Oriental Super Mz. 5'),
(1206, 46, ' Kennedy Oriental Super Mz. 6'),
(1207, 46, ' Kennedy Oriental Super Mz. 7'),
(1208, 46, ' Kennedy Supermanzana I'),
(1209, 46, ' La Giraldilla'),
(1210, 46, ' La Giraldilla II'),
(1211, 46, ' Miraflores Kennedy'),
(1212, 46, ' Multifamiliar Techo'),
(1213, 46, ' Nuevo Kennedy'),
(1214, 46, ' Nuevo Kennedy El Descanso'),
(1215, 46, ' Onasis'),
(1216, 46, ' Pastrana'),
(1217, 46, ' Supermanzana 16'),
(1218, 46, ' Supermanzana 9B'),
(1219, 46, ' Techo'),
(1220, 46, ' Unidad Residencial Ayacucho 2 S. Mz.'),
(1221, 46, ' UrbanizaciÃ³n Arbolete Casablanca'),
(1222, 46, ' UrbanizaciÃ³n Banderas'),
(1223, 46, ' UrbanizaciÃ³n Experimental Kennedy'),
(1224, 46, ' UrbanizaciÃ³n Kennedy Super Mz. 8'),
(1225, 46, ' UrbanizaciÃ³n Mandalya Etapa C Zona 73'),
(1226, 46, ' UrbanizaciÃ³n SinaÃ­'),
(1227, 47, 'Las Margaritas'),
(1228, 47, ' Osorio XI'),
(1229, 47, ' Osorio XII'),
(1230, 48, 'Altamar'),
(1231, 48, ' Avenida Cundinamarca'),
(1232, 48, ' Barranquillita'),
(1233, 48, ' Bellavista'),
(1234, 48, ' Campo Hermoso'),
(1235, 48, ' Ciudad de Cali'),
(1236, 48, ' Ciudad GalÃ¡n'),
(1237, 48, ' Ciudad Granada'),
(1238, 48, ' Dindalito'),
(1239, 48, ' El ParaÃ­so'),
(1240, 48, ' El Patio III Sector'),
(1241, 48, ' El Rosario'),
(1242, 48, ' El Rosario III'),
(1243, 48, ' El Saucedal'),
(1244, 48, ' El Triunfo'),
(1245, 48, ' Horizonte Occidente'),
(1246, 48, ' JazmÃ­n Occidental'),
(1247, 48, ' La Rivera'),
(1248, 48, ' La Rivera II Sector'),
(1249, 48, ' Las Acacias'),
(1250, 48, ' Las Brisas'),
(1251, 48, ' Las Palmeras'),
(1252, 48, ' Las Palmitas'),
(1253, 48, ' Las Vegas'),
(1254, 48, ' Los Almendros'),
(1255, 48, ' Nueva Esperanza'),
(1256, 48, ' Parques del Tintal (Campo Alegre LondoÃ±o)'),
(1257, 48, ' Patio Bonito I'),
(1258, 48, ' Patio Bonito II Sector'),
(1259, 48, ' Puente La Vega'),
(1260, 48, ' San Dionisio'),
(1261, 48, ' San Marino'),
(1262, 48, ' Santa MÃ³nica'),
(1263, 48, ' Sector II Altamar'),
(1264, 48, ' Sumapaz'),
(1265, 48, ' Tayrona'),
(1266, 48, ' Tintalito'),
(1267, 48, ' Tintalito II'),
(1268, 48, ' Tocarema'),
(1269, 48, ' UrbanizaciÃ³n Dindalito I Etapa'),
(1270, 48, ' Villa Alexandra'),
(1271, 48, ' Villa AndrÃ©s'),
(1272, 48, ' Villa Hermosa'),
(1273, 48, ' Villa Mendoza'),
(1274, 49, 'Acip'),
(1275, 49, ' Alameda de Timiza'),
(1276, 49, ' Alfonso MontaÃ±a'),
(1277, 49, ' BerlÃ­n'),
(1278, 49, ' BoitÃ¡'),
(1279, 49, ' BoitÃ¡ I Sector'),
(1280, 49, ' BoitÃ¡ II Sector'),
(1281, 49, ' Casa Loma'),
(1282, 49, ' Catalina'),
(1283, 49, ' Catalina II'),
(1284, 49, ' El ComitÃ©'),
(1285, 49, ' El JordÃ¡n'),
(1286, 49, ' El JordÃ¡n II y III'),
(1287, 49, ' El Palenque'),
(1288, 49, ' El Porvenir II Sector'),
(1289, 49, ' El Porvenir Mz. A'),
(1290, 49, ' El RubÃ­'),
(1291, 49, ' Jacqueline'),
(1292, 49, ' Juan Pablo I'),
(1293, 49, ' La Cecilia'),
(1294, 49, ' La Unidad'),
(1295, 49, ' Lago Timiza I y II Etapa'),
(1296, 49, ' Las Luces'),
(1297, 49, ' Morabia II'),
(1298, 49, ' Nueva Timiza'),
(1299, 49, ' Nuevo Timiza'),
(1300, 49, ' Onassis'),
(1301, 49, ' Pastrana'),
(1302, 49, ' Pastranita II Sector'),
(1303, 49, ' Perpetuo Socorro'),
(1304, 49, ' Perpetuo Socorro II'),
(1305, 49, ' Prados de Kennedy'),
(1306, 49, ' Renania Urapanes'),
(1307, 49, ' Roma'),
(1308, 49, ' Roma II (Urb. Bertha HernÃ¡ndez de Ospina)'),
(1309, 49, ' Sagrado CorazÃ³n'),
(1310, 49, ' San MartÃ­n de Porres'),
(1311, 49, ' Santa Catalina'),
(1312, 49, ' Timiza'),
(1313, 49, ' Tonoli'),
(1314, 49, ' Tocarema'),
(1315, 49, ' Tundama'),
(1316, 49, ' UrbanizaciÃ³n Bertha HernÃ¡ndez de Ospina'),
(1317, 49, ' UrbanizaciÃ³n Catalina'),
(1318, 49, ' UrbanizaciÃ³n El Parque'),
(1319, 49, ' UrbanizaciÃ³n Santa Luisa'),
(1320, 49, ' Vasconia II'),
(1321, 49, ' Villa de Los Sauces'),
(1322, 49, ' Villa Rica'),
(1323, 50, 'Santa Paz â€“ Santa Elvira'),
(1324, 50, ' Vereda El Tintal'),
(1325, 51, 'El Bogotano'),
(1326, 52, 'El JardÃ­n'),
(1327, 52, ' La Rosita'),
(1328, 52, ' Puerta de Teja'),
(1329, 52, ' San JosÃ©'),
(1330, 52, ' Veracruz'),
(1331, 53, 'Carlos Lleras'),
(1332, 53, ' La Esperanza Norte'),
(1333, 53, ' Salitre Nor-Occidental'),
(1334, 53, ' Sausalito'),
(1335, 54, 'Arabia'),
(1336, 54, ' Atahualpa'),
(1337, 54, ' BahÃ­a Solano'),
(1338, 54, ' Batavia'),
(1339, 54, ' BelÃ©n'),
(1340, 54, ' Betania'),
(1341, 54, ' Centenario'),
(1342, 54, ' CofradÃ­a'),
(1343, 54, ' El Carmen'),
(1344, 54, ' El Cuco'),
(1345, 54, ' El Cuco (La Estancia)'),
(1346, 54, ' El Guadual'),
(1347, 54, ' El JordÃ¡n'),
(1348, 54, ' El Pedregal'),
(1349, 54, ' El RubÃ­'),
(1350, 54, ' El Tapete'),
(1351, 54, ' Ferrocaja'),
(1352, 54, ' Flandes'),
(1353, 54, ' FontibÃ³n Centro'),
(1354, 54, ' La Cabana'),
(1355, 54, ' La Giralda'),
(1356, 54, ' La Laguna'),
(1357, 54, ' Las Flores'),
(1358, 54, ' Palestina'),
(1359, 54, ' RincÃ³n Santo'),
(1360, 54, ' Salamanca'),
(1361, 54, ' San Pedro Los Robles'),
(1362, 54, ' Torcoroma'),
(1363, 54, ' Unidad Residencial Montecarlo'),
(1364, 54, ' Valle Verde'),
(1365, 54, ' Veracruz'),
(1366, 54, ' Versalles'),
(1367, 54, ' Villa Beatriz'),
(1368, 54, ' Villa Carmenza'),
(1369, 54, ' Villemar'),
(1370, 55, 'Ambalema'),
(1371, 55, ' BohÃ­os'),
(1372, 55, ' El Portal'),
(1373, 55, ' El Refugio'),
(1374, 55, ' El TriÃ¡ngulo'),
(1375, 55, ' Florencia'),
(1376, 55, ' JericÃ³'),
(1377, 55, ' La Aldea'),
(1378, 55, ' La EstaciÃ³n'),
(1379, 55, ' La Perla'),
(1380, 55, ' La Zelfita'),
(1381, 55, ' Las Brisas'),
(1382, 55, ' Prados de la Alameda'),
(1383, 55, ' Puente Grande'),
(1384, 55, ' San Pablo'),
(1385, 55, ' Selva Dorada'),
(1386, 55, ' Villa Liliana'),
(1387, 56, 'El Franco'),
(1388, 56, ' Granjas de Techo'),
(1389, 56, ' Montevideo'),
(1390, 56, ' ParaÃ­so Bavaria'),
(1391, 56, ' VisiÃ³n Semindustrial'),
(1392, 57, 'Bosque de Modelia'),
(1393, 57, ' Baleares'),
(1394, 57, ' CapellanÃ­a'),
(1395, 57, ' El RincÃ³n de Modelia'),
(1396, 57, ' Fuentes del Dorado'),
(1397, 57, ' La Esperanza'),
(1398, 57, ' Mallorca'),
(1399, 57, ' Modelia'),
(1400, 57, ' Modelia Occidental'),
(1401, 57, ' Santa Cecilia'),
(1402, 57, ' Tarragona'),
(1403, 58, 'Moravia'),
(1404, 58, 'Kazandra'),
(1405, 59, 'Bochica II'),
(1406, 59, ' Bolivia'),
(1407, 59, ' Ciudadela Colsubsidio'),
(1408, 59, ' El Cortijo'),
(1409, 59, ' El Dorado'),
(1410, 60, 'BoyacÃ¡'),
(1411, 60, ' El Carmelo'),
(1412, 60, ' El Refugio'),
(1413, 60, ' Florencia'),
(1414, 60, ' Florida Blanca'),
(1415, 60, ' La AlmerÃ­a'),
(1416, 60, ' La Granja'),
(1417, 60, ' La Soledad Norte'),
(1418, 60, ' Los Pinos Florencia'),
(1419, 60, ' Maratu'),
(1420, 60, ' ParÃ­s'),
(1421, 60, ' Santa Helenita'),
(1422, 60, ' Santa MarÃ­a del Lago'),
(1423, 60, ' Santa Rosita'),
(1424, 60, ' Tabora'),
(1425, 60, ' Veracruz'),
(1426, 60, ' Zarzamora'),
(1427, 61, 'Alameda'),
(1428, 61, ' Danubio Centauros'),
(1429, 61, ' El Cedro'),
(1430, 61, ' El Mirador'),
(1431, 61, ' El Muelle'),
(1432, 61, ' El Palmar'),
(1433, 61, ' El TriÃ¡ngulo'),
(1434, 61, ' El VerdÃºn'),
(1435, 61, ' EngativÃ¡ Centro'),
(1436, 61, ' Granjas El Dorado'),
(1437, 61, ' La CabaÃ±a'),
(1438, 61, ' La Esperanza'),
(1439, 61, ' La Faena'),
(1440, 61, ' La Riviera'),
(1441, 61, ' La Tortigua'),
(1442, 61, ' Las Mercedes'),
(1443, 61, ' Las Palmas'),
(1444, 61, ' Linterama'),
(1445, 61, ' Los Laureles'),
(1446, 61, ' Los Laureles Sabanas El Dorado'),
(1447, 61, ' MarandÃº'),
(1448, 61, ' Porvenir'),
(1449, 61, ' Puerto Amor Playas del Jaboque'),
(1450, 61, ' San Antonio Norte'),
(1451, 61, ' San Basilio'),
(1452, 61, ' San JosÃ© Obrero'),
(1453, 61, ' Santa Librada'),
(1454, 61, ' Villa Claver I y II'),
(1455, 61, ' Villa Constanza'),
(1456, 61, ' Villa El Dorado Norte'),
(1457, 61, ' Villa Gladys'),
(1458, 61, ' Villa Mary'),
(1459, 61, ' Villa Sandra'),
(1460, 61, ' Villa Teresita'),
(1461, 61, ' Villas El Dorado San Antonio II Sector'),
(1462, 61, ' ViÃ±a del Mar'),
(1463, 62, 'Acapulco'),
(1464, 62, ' Bellavisa Occidental'),
(1465, 62, ' Bonanza'),
(1466, 62, ' Bosque Popular'),
(1467, 62, ' CataluÃ±a'),
(1468, 62, ' Ciudad de Honda'),
(1469, 62, ' El Dorado San JoaquÃ­n'),
(1470, 62, ' El GualÃ­'),
(1471, 62, ' El Laurel'),
(1472, 62, ' El Paseo'),
(1473, 62, ' Estrada'),
(1474, 62, ' La CabaÃ±a'),
(1475, 62, ' La Estradita'),
(1476, 62, ' La Europa'),
(1477, 62, ' La Marcela'),
(1478, 62, ' La Reliquia'),
(1479, 62, ' Las Ferias'),
(1480, 62, ' MetrÃ³polis'),
(1481, 62, ' Palo Blanco'),
(1482, 62, ' San JoaquÃ­n'),
(1483, 62, ' Santo Domingo'),
(1484, 63, 'Ãlamos'),
(1485, 63, ' Ãlamos Norte'),
(1486, 63, ' Bosques de Mariana'),
(1487, 63, ' El Cedro'),
(1488, 63, ' GarcÃ©s Navas'),
(1489, 63, ' Los Ãngeles'),
(1490, 63, ' Molinos de Viento'),
(1491, 63, ' Plazuelas del Virrey'),
(1492, 63, ' San Basilio'),
(1493, 63, ' Santa MÃ³nica'),
(1494, 63, ' Villa Amalia'),
(1495, 63, ' Villa Sagrario'),
(1496, 63, ' Villas de Granada'),
(1497, 63, ' Villas de Madrigal'),
(1498, 63, ' Villas El Dorado San Antonio'),
(1499, 64, 'El Salitre Luis MarÃ­a FernÃ¡ndez'),
(1500, 65, 'Los Ãlamos'),
(1501, 65, 'San Ignacio'),
(1502, 66, 'AndalucÃ­a'),
(1503, 66, ' Bochica'),
(1504, 66, ' Ciudad BachuÃ©'),
(1505, 66, ' Copetroco La Tropical'),
(1506, 66, ' El Portal del RÃ­o'),
(1507, 66, ' La EspaÃ±ola'),
(1508, 66, ' La Palestina'),
(1509, 66, ' La Serena'),
(1510, 66, ' Los Cerecitos'),
(1511, 66, ' Los Cerezos'),
(1512, 66, ' Luis Carlos GalÃ¡n'),
(1513, 66, ' Meissen â€“ Sidauto'),
(1514, 66, ' Minuto de dios'),
(1515, 66, ' Morisco'),
(1516, 66, ' ParÃ­s GaitÃ¡n'),
(1517, 66, ' Primavera Norte'),
(1518, 66, ' Quirigua'),
(1519, 67, 'El Encanto'),
(1520, 67, ' El Lujan'),
(1521, 67, ' El Real'),
(1522, 67, ' Los Monjes'),
(1523, 67, ' NormandÃ­a'),
(1524, 67, ' NormandÃ­a Occidental'),
(1525, 67, ' San Ignacio'),
(1526, 67, ' San Marcos'),
(1527, 67, ' Santa Cecilia'),
(1528, 67, ' Villa Luz'),
(1529, 68, 'Britalia'),
(1530, 68, ' Britalia San Diego'),
(1531, 68, ' Calima Norte'),
(1532, 68, ' Cantagallo'),
(1533, 68, ' Cantalejo'),
(1534, 68, ' El ParaÃ­so de los 12 ApÃ³stoles'),
(1535, 68, ' Gilmar'),
(1536, 68, ' Granada Norte'),
(1537, 68, ' Granjas de Namur'),
(1538, 68, ' La Chocita'),
(1539, 68, ' Los Eliseos'),
(1540, 68, ' Pijao de Oro'),
(1541, 68, ' Portales del Norte'),
(1542, 68, ' San Ciprano'),
(1543, 68, ' Villa Delia'),
(1544, 68, ' Villa Delia â€“ Britalia Norte'),
(1545, 68, ' Vista Bella'),
(1546, 69, 'Atenas'),
(1547, 69, ' Calatayud'),
(1548, 69, ' Casa Blanca I'),
(1549, 69, ' Casa Blanca II'),
(1550, 69, ' Casa Blanca Sec. El Plan'),
(1551, 69, ' Casa Blanca Sec. La Gruta'),
(1552, 69, ' Casa Blanca Suba'),
(1553, 69, ' Del Monte'),
(1554, 69, ' El Velero'),
(1555, 69, ' Escuela de Carabineros'),
(1556, 70, 'AlcalÃ¡'),
(1557, 70, ' Atabanza'),
(1558, 70, ' Bernal y Forero'),
(1559, 70, ' Cacigua'),
(1560, 70, ' CanÃ³dromo'),
(1561, 70, ' La Sultana'),
(1562, 70, ' Libertadores'),
(1563, 70, ' Los Prados de La Sultana'),
(1564, 70, ' Madeira'),
(1565, 70, ' Manuela Arluz'),
(1566, 70, ' Mazuren'),
(1567, 70, ' Niza IX'),
(1568, 70, ' Prado PinzÃ³n'),
(1569, 70, ' Prado Sur'),
(1570, 70, ' Prado Veraniego'),
(1571, 70, ' Prado Veraniego Norte'),
(1572, 70, ' Prado Veraniego Sur'),
(1573, 70, ' San JosÃ© de Spring'),
(1574, 70, ' San JosÃ© del Prado'),
(1575, 70, ' Santa Helena'),
(1576, 70, ' Tarragona'),
(1577, 70, ' Tierra Linda'),
(1578, 70, ' Victoria Norte'),
(1579, 70, ' Villa Morena'),
(1580, 71, 'Alcaparros'),
(1581, 71, ' Almirante ColÃ³n'),
(1582, 71, ' Almonacid'),
(1583, 71, ' Altos de Chozica'),
(1584, 71, ' Altos de La Esperanza'),
(1585, 71, ' Amberes'),
(1586, 71, ' Antonio Granados'),
(1587, 71, ' Arrayanes'),
(1588, 71, ' Aures'),
(1589, 71, ' Bochalema'),
(1590, 71, ' Catalina'),
(1591, 71, ' Ciudad Hunza'),
(1592, 71, ' Costa Azul'),
(1593, 71, ' Costa Rica'),
(1594, 71, ' El Aguinaldo'),
(1595, 71, ' El Arenal'),
(1596, 71, ' El Carmen'),
(1597, 71, ' El Cerezo'),
(1598, 71, ' El CÃ³ndor'),
(1599, 71, ' El JordÃ¡n La Esperanza'),
(1600, 71, ' El Poa'),
(1601, 71, ' El Naranjal'),
(1602, 71, ' El Ocal'),
(1603, 71, ' El Palmar'),
(1604, 71, ' El PÃ³rtico'),
(1605, 71, ' El Progreso'),
(1606, 71, ' El Refugio de Suba'),
(1607, 71, ' Ciudadela Cafam'),
(1608, 71, ' El RubÃ­'),
(1609, 71, ' El Tabor'),
(1610, 71, ' Gloria Lara de Echeverri'),
(1611, 71, ' Guillermo NÃºÃ±ez'),
(1612, 71, ' Jaime Bermeo'),
(1613, 71, ' JapÃ³n'),
(1614, 71, ' Java II Sector'),
(1615, 71, ' La Aguadita'),
(1616, 71, ' La Alameda'),
(1617, 71, ' La Aurora'),
(1618, 71, ' La Chucua'),
(1619, 71, ' La Esmeralda'),
(1620, 71, ' La Esperanza (Calle 131 A)'),
(1621, 71, ' La Estanzuela'),
(1622, 71, ' La Flor'),
(1623, 71, ' La Flora'),
(1624, 71, ' La Manuelita'),
(1625, 71, ' La Palma'),
(1626, 71, ' La Trinitaria'),
(1627, 71, ' Lago de Suba'),
(1628, 71, ' Las Flores'),
(1629, 71, ' LombardÃ­a'),
(1630, 71, ' Los Arrayanes'),
(1631, 71, ' Los Naranjos'),
(1632, 71, ' Los Nogales'),
(1633, 71, ' Naranjos Altos'),
(1634, 71, ' Nuevo Corinto'),
(1635, 71, ' Palma Aldea'),
(1636, 71, ' Potrerillo'),
(1637, 71, ' Potrerillos de Suba'),
(1638, 71, ' Prados de Santa BÃ¡rbara'),
(1639, 71, ' Puerta del Sol'),
(1640, 71, ' RincÃ³n de Suba'),
(1641, 71, ' RincÃ³n El CÃ³ndor'),
(1642, 71, ' RincÃ³n Escuela'),
(1643, 71, ' Riombamba'),
(1644, 71, ' Rodrigo Lara Bonilla'),
(1645, 71, ' San Cayetano'),
(1646, 71, ' San Isidro Norte'),
(1647, 71, ' San Jorge'),
(1648, 71, ' San Miguel Tibabuyes'),
(1649, 71, ' San Pedro'),
(1650, 71, ' Santa Ana de Suba'),
(1651, 71, ' Santa BÃ¡rbara Tibabuyes'),
(1652, 71, ' Santa InÃ©s â€“ Santa Helena'),
(1653, 71, ' TaberÃ­n'),
(1654, 71, ' Telecom Arrayanes'),
(1655, 71, ' Teusaquillo de Suba'),
(1656, 71, ' Tibabuyes'),
(1657, 71, ' Villa Alexandra'),
(1658, 71, ' Villa Catalina'),
(1659, 71, ' Villa Elisa'),
(1660, 71, ' Villa MarÃ­a'),
(1661, 71, ' Villas del RincÃ³n'),
(1662, 72, 'Conejera'),
(1663, 72, 'Guaymaral'),
(1664, 73, 'La Academia'),
(1665, 74, 'Alhambra'),
(1666, 74, ' BatÃ¡n'),
(1667, 74, ' El Recreo de Los Frailes'),
(1668, 74, ' Estoril'),
(1669, 74, ' Ilarco'),
(1670, 74, ' MalibÃº'),
(1671, 74, ' MÃ³naco'),
(1672, 74, ' Pasadena'),
(1673, 74, ' Puente Largo'),
(1674, 75, 'Andes Norte'),
(1675, 75, ' Club de Los Lagartos'),
(1676, 75, ' Coasmedas'),
(1677, 75, ' Julio Florez'),
(1678, 75, ' La Alborada'),
(1679, 75, ' La Floresta Norte'),
(1680, 75, ' Morato'),
(1681, 75, ' Nuevo Monterrey'),
(1682, 75, ' Pontevedra'),
(1683, 75, ' PotosÃ­'),
(1684, 75, ' Santa Rosa'),
(1685, 75, ' Asmedas'),
(1686, 75, ' Teusaca'),
(1687, 76, 'Calatrava'),
(1688, 76, ' Campania'),
(1689, 76, ' Ciudad JardÃ­n Norte'),
(1690, 76, ' La Colina Campestre'),
(1691, 76, ' Colinas de Suba'),
(1692, 76, ' CÃ³rdoba'),
(1693, 76, ' Covadonga'),
(1694, 76, ' Gratamira'),
(1695, 76, ' Iberia'),
(1696, 76, ' Lagos de CÃ³rdoba'),
(1697, 76, ' Las Villas'),
(1698, 76, ' Lindaraja'),
(1699, 76, ' Niza'),
(1700, 76, ' Niza Norte'),
(1701, 76, ' Niza Suba'),
(1702, 76, ' Niza VIII');
INSERT INTO `pr_barrio` (`id_barrio`, `id_upz`, `nombre_barrio`) VALUES
(1703, 76, ' Prado JardÃ­n'),
(1704, 76, ' Provenza'),
(1705, 76, ' RincÃ³n de Iberia'),
(1706, 76, ' Sotileza'),
(1707, 77, 'Gibraltar'),
(1708, 77, ' Guicani'),
(1709, 77, ' Mirandela'),
(1710, 77, ' Nueva Zelandia'),
(1711, 77, ' Oikos'),
(1712, 77, ' San Felipe'),
(1713, 77, ' San JosÃ© de Bavaria'),
(1714, 77, ' Santa Catalina'),
(1715, 77, ' Tejares del Norte'),
(1716, 77, ' Villa Nova'),
(1717, 77, ' Villa del Prado'),
(1718, 77, ' Villa Lucy'),
(1719, 78, 'Acacias'),
(1720, 78, ' Alaska'),
(1721, 78, ' AlcÃ¡zar de Suba'),
(1722, 78, ' Almendros Norte'),
(1723, 78, ' Alto de La Toma'),
(1724, 78, ' Bosques de San Jorge'),
(1725, 78, ' Campanela'),
(1726, 78, ' El Pencil Barrio El Salitre'),
(1727, 78, ' El Pinar'),
(1728, 78, ' El Pino'),
(1729, 78, ' El PÃ³rtico'),
(1730, 78, ' El Salitre'),
(1731, 78, ' Java'),
(1732, 78, ' La CampiÃ±a La Fontana'),
(1733, 78, ' Las OrquÃ­deas'),
(1734, 78, ' Londres'),
(1735, 78, ' Miraflores'),
(1736, 78, ' Monarcas'),
(1737, 78, ' Navetsa'),
(1738, 78, ' Pinar de Suba'),
(1739, 78, ' Pinos de LombardÃ­a'),
(1740, 78, ' Portal de Las Mercedes'),
(1741, 78, ' Pradera de Suba'),
(1742, 78, ' Prados de Suba'),
(1743, 78, ' Prados del Salitre'),
(1744, 78, ' RincÃ³n de Santa InÃ©s'),
(1745, 78, ' San Francisco'),
(1746, 78, ' Santa Isabel'),
(1747, 78, ' Suba Centro'),
(1748, 78, ' Tuna Alta'),
(1749, 78, ' Tuna Baja'),
(1750, 78, ' Turingia'),
(1751, 78, ' Vereda Suba Cerros'),
(1752, 78, ' Villa del Campo'),
(1753, 78, ' Villa Esperanza'),
(1754, 78, ' Villa Hermosa'),
(1755, 78, ' Villa Susana'),
(1756, 79, 'Atenas'),
(1757, 79, ' BerlÃ­n'),
(1758, 79, ' Bilbao'),
(1759, 79, ' CaÃ±iz I'),
(1760, 79, ' II y III'),
(1761, 79, ' Carolina II y III'),
(1762, 79, ' El Cedro'),
(1763, 79, ' Compartir'),
(1764, 79, ' La Gaitana'),
(1765, 79, ' La Isabela'),
(1766, 79, ' Lisboa'),
(1767, 79, ' Los Nogales de Tibabuyes'),
(1768, 79, ' Miramar'),
(1769, 79, ' Nueva Tibabuyes'),
(1770, 79, ' Nuevo Corinto Sector E'),
(1771, 79, ' Prados de Santa BÃ¡rbara'),
(1772, 79, ' RincÃ³n de BoyacÃ¡'),
(1773, 79, ' Sabana de Tibabuyes'),
(1774, 79, ' San Carlos de Suba'),
(1775, 79, ' San Carlos de Tibabuyes'),
(1776, 79, ' San Pedro de Tibabuyes'),
(1777, 79, ' Santa Cecilia'),
(1778, 79, ' Santa Rita'),
(1779, 79, ' Tibabuyes Universal'),
(1780, 79, ' Toscana'),
(1781, 79, ' Vereda Suba RincÃ³n'),
(1782, 79, ' Vereda Tibabuyes'),
(1783, 79, ' Verona'),
(1784, 79, ' Villa Cindy'),
(1785, 79, ' Villa de Las Flores'),
(1786, 79, ' Villa Gloria'),
(1787, 79, ' Villa Gloria I'),
(1788, 80, 'Doce De Octubre'),
(1789, 80, ' El Labrador'),
(1790, 80, ' Entre RÃ­os'),
(1791, 80, ' Jorge EliÃ©cer GaitÃ¡n'),
(1792, 80, ' JosÃ© JoaquÃ­n Vargas'),
(1793, 80, ' La Libertad'),
(1794, 80, ' MetrÃ³polis'),
(1795, 80, ' Popular Modelo'),
(1796, 80, ' RincÃ³n Del Salitre'),
(1797, 80, ' San Fernando'),
(1798, 80, ' San Fernando Occidental'),
(1799, 80, ' San Miguel'),
(1800, 80, ' SimÃ³n BolÃ­var'),
(1801, 81, '11 De Noviembre'),
(1802, 81, ' AlcÃ¡zares Norte'),
(1803, 81, ' Baquero'),
(1804, 81, ' BenjamÃ­n Herrera'),
(1805, 81, ' Chapinero Noroccidental'),
(1806, 81, ' Colombia'),
(1807, 81, ' ConcepciÃ³n Norte'),
(1808, 81, ' Juan XXIII'),
(1809, 81, ' La Aurora'),
(1810, 81, ' La Esperanza'),
(1811, 81, ' La Merced Norte. La Paz'),
(1812, 81, ' Los AlcÃ¡zares'),
(1813, 81, ' MuequetÃ¡'),
(1814, 81, ' Polo Club'),
(1815, 81, ' Quinta Mutis'),
(1816, 81, ' Rafael Uribe'),
(1817, 81, ' San Felipe'),
(1818, 81, ' Santa SofÃ­a'),
(1819, 81, ' Siete De Agosto'),
(1820, 82, 'Conjunto Residencial Calla. 100'),
(1821, 82, ' Entre RÃ­os'),
(1822, 82, ' Escuela Militar'),
(1823, 82, ' La Castellana'),
(1824, 82, ' La Patria'),
(1825, 82, ' Los Andes'),
(1826, 82, ' Rionegro'),
(1827, 82, ' UrbanizaciÃ³n San MartÃ­n'),
(1828, 82, ' Villa Calasanz'),
(1829, 82, ' Vizcaya'),
(1830, 83, 'El Rosario'),
(1831, 84, 'Ciudad Salitre Sur-Oriental'),
(1832, 84, ' Ciudad Salitre Nor-Oriental'),
(1833, 85, 'Banco Central'),
(1834, 85, ' Alfonso LÃ³pez'),
(1835, 85, ' Belalcazar'),
(1836, 85, ' Campin'),
(1837, 85, ' Chapinero Occidental'),
(1838, 85, ' GalerÃ­as'),
(1839, 85, ' San Luis'),
(1840, 86, 'La Esmeralda'),
(1841, 86, ' NicolÃ¡s de FedermÃ¡n'),
(1842, 86, ' Nuevo Campin'),
(1843, 86, ' Pablo VI'),
(1844, 86, ' Quirinal'),
(1845, 86, ' Rafael NÃºÃ±ez'),
(1846, 87, 'El Salitre'),
(1847, 88, 'Acevedo Tejada'),
(1848, 88, ' Cama Vieja'),
(1849, 88, ' Centro NariÃ±o'),
(1850, 88, ' El Recuerdo'),
(1851, 88, ' Gran AmÃ©rica'),
(1852, 88, ' Quinta Paredes'),
(1853, 89, 'Armenia'),
(1854, 89, ' Estrella'),
(1855, 89, ' La Magdalena'),
(1856, 89, ' La Soledad'),
(1857, 89, ' Las AmÃ©ricas'),
(1858, 89, ' Palermo'),
(1859, 89, ' Quesada'),
(1860, 89, ' Santa Teresita'),
(1861, 89, ' Teusaquillo'),
(1862, 90, 'Colseguros'),
(1863, 90, ' El ListÃ³n'),
(1864, 90, ' Florida'),
(1865, 90, ' La Estanzuela'),
(1866, 90, ' La Favorita'),
(1867, 90, ' La Pepita'),
(1868, 90, ' La Sabana'),
(1869, 90, ' Paloquemao'),
(1870, 90, ' Panamericano'),
(1871, 90, ' Ricaurte'),
(1872, 90, ' Samper Mendoza'),
(1873, 90, ' San Fason'),
(1874, 90, ' San Victorino'),
(1875, 90, ' Santa Fe'),
(1876, 90, ' Usatama'),
(1877, 90, ' Voto Nacional'),
(1878, 91, 'Eduardo Santos'),
(1879, 91, ' El Progreso'),
(1880, 91, ' El Vergel'),
(1881, 91, ' Santa Isabel'),
(1882, 91, ' Veraguas'),
(1883, 92, 'Sevilla'),
(1884, 92, 'Policarpa'),
(1885, 92, 'Ciudad Berna'),
(1886, 92, 'Ciudad JardÃ­n'),
(1887, 92, 'Barrio Caracas'),
(1888, 93, 'Restrepo'),
(1889, 93, ' San Antonio'),
(1890, 93, ' Fragua'),
(1891, 93, ' FragÃ¼ita'),
(1892, 93, ' Santander'),
(1893, 93, ' Villa Mayor'),
(1894, 93, ' San Jorge Central'),
(1895, 93, ' Cinco de Noviembre'),
(1896, 93, ' Santa Isabel'),
(1897, 93, ' Eduardo Frey'),
(1898, 94, 'La Guaca'),
(1899, 94, ' Bochica'),
(1900, 94, ' Carabelas'),
(1901, 94, ' Ciudad Montes'),
(1902, 94, ' El Sol'),
(1903, 94, ' JazmÃ­n'),
(1904, 94, ' Jorge GaitÃ¡n CortÃ©s'),
(1905, 94, ' La AsunciÃ³n'),
(1906, 94, ' La Camelia'),
(1907, 94, ' Los Comuneros'),
(1908, 94, ' Ponderosa'),
(1909, 94, ' Primavera'),
(1910, 94, ' Remanso'),
(1911, 94, ' San Eusebio'),
(1912, 94, ' Santa Matilde'),
(1913, 94, ' Tibana'),
(1914, 94, ' Torremolinos'),
(1915, 94, ' Villa InÃ©s'),
(1916, 95, 'AlcalÃ¡'),
(1917, 95, ' AlquerÃ­a'),
(1918, 95, ' Autopista MuzÃº'),
(1919, 95, ' La CoruÃ±a'),
(1920, 95, ' Los Sauces'),
(1921, 95, ' MuzÃº'),
(1922, 95, ' Ospina PÃ©rez'),
(1923, 95, ' Santa Rita'),
(1924, 95, ' Tejar'),
(1925, 95, ' Villa del Rosario'),
(1926, 95, ' Villa Sonia'),
(1927, 96, 'BatallÃ³n Caldas'),
(1928, 96, ' Centro Industrial'),
(1929, 96, ' Ortezal'),
(1930, 96, ' Puente Aranda'),
(1931, 96, ' Salazar GÃ³mez'),
(1932, 97, 'Barcelona'),
(1933, 97, ' Brisas del GalÃ¡n'),
(1934, 97, ' Brasilia'),
(1935, 97, ' Camelia Sur'),
(1936, 97, ' ColÃ³n'),
(1937, 97, ' GalÃ¡n'),
(1938, 97, ' La Pradera'),
(1939, 97, ' La Trinidad'),
(1940, 97, ' El Arpa y La Lira'),
(1941, 97, ' Milenta'),
(1942, 97, ' San Francisco'),
(1943, 97, ' San Gabriel'),
(1944, 97, ' San Rafael'),
(1945, 97, ' San Rafael Industrial'),
(1946, 98, 'Cundinamarca'),
(1947, 98, ' El Ejido'),
(1948, 98, ' Gorgonzola'),
(1949, 98, ' Industrial Centenario'),
(1950, 98, ' La Florida Occidental'),
(1951, 98, ' Los Ejidos'),
(1952, 98, ' Pensilvania'),
(1953, 99, 'BelÃ©n'),
(1954, 99, ' Catedral'),
(1955, 99, ' Centro Administrativo'),
(1956, 99, ' Egipto'),
(1957, 99, ' La Concordia'),
(1958, 99, ' Las Aguas'),
(1959, 99, ' Santa BÃ¡rbara'),
(1960, 100, 'Antonio Morales II'),
(1961, 100, ' Buenos Aires La Esp. Parc. La Fisc.'),
(1962, 100, ' Diana Turbay'),
(1963, 100, ' Diana Turbay Arrayanes'),
(1964, 100, ' Diana Turbay Cultivos'),
(1965, 100, ' El Bosque de los Molinos (San Justin)'),
(1966, 100, ' El Portal'),
(1967, 100, ' El Portal II Sector'),
(1968, 100, ' La Esperanza Alta'),
(1969, 100, ' La Marqueza'),
(1970, 100, ' La Paz'),
(1971, 100, ' La Paz (El Cebadal)'),
(1972, 100, ' La Picota Oriental'),
(1973, 100, ' La Reconquista'),
(1974, 100, ' La Reconquista (Villa Esther)'),
(1975, 100, ' Los Arrayanes II'),
(1976, 100, ' Los Puentes'),
(1977, 100, ' Palermo Sur'),
(1978, 100, ' Palermo Sur-Brisas'),
(1979, 100, ' Palermo Sur (El TriÃ¡ngulo)'),
(1980, 100, ' Palermo Sur Los Arrayanes'),
(1981, 100, ' Palermo Sur Oswaldo GÃ³mez'),
(1982, 100, ' Palermo Sur San Marcos'),
(1983, 100, ' Palermo Sur Sana Fonseca'),
(1984, 100, ' San AgustÃ­n'),
(1985, 100, ' San AgustÃ­n II Sector'),
(1986, 100, ' SerranÃ­a â€“ Sector Cultivos'),
(1987, 101, 'Carmen del Sol'),
(1988, 101, ' Bravo PÃ¡ez'),
(1989, 101, ' Carmen del Sol I Sector'),
(1990, 101, ' Centenario'),
(1991, 101, ' Claret'),
(1992, 101, ' El Recuerdo San Jorge Alto'),
(1993, 101, ' El Triunfo'),
(1994, 101, ' El Triunfo Sur'),
(1995, 101, ' Granjas San Pablo'),
(1996, 101, ' Granjas Santa SofÃ­a'),
(1997, 101, ' InglÃ©s'),
(1998, 101, ' La ResurrecciÃ³n'),
(1999, 101, ' Las Colinas'),
(2000, 101, ' Las Lomas'),
(2001, 101, ' Libertador'),
(2002, 101, ' Luis LÃ³pez de Mesa'),
(2003, 101, ' Marco Fidel SuÃ¡rez'),
(2004, 101, ' Marco Fidel SuÃ¡rez La CaÃ±ada'),
(2005, 101, ' Murillo Toro'),
(2006, 101, ' Olaya'),
(2007, 101, ' ResurrecciÃ³n'),
(2008, 101, ' Rio de Janeiro El Pesebre'),
(2009, 101, ' San Jorge-Gloria GaitÃ¡n'),
(2010, 101, ' San Jorge Sur'),
(2011, 101, ' San Juanito'),
(2012, 101, ' San Justino'),
(2013, 101, ' Santa LucÃ­a'),
(2014, 101, ' Santiago PÃ©rez'),
(2015, 101, ' Terrazas de San Jorge'),
(2016, 101, ' Villa Mayor'),
(2017, 102, 'Antonio Morales Galavis'),
(2018, 102, ' Arboleda sur'),
(2019, 102, ' CallejÃ³n Santa BÃ¡rbara'),
(2020, 102, ' Cerros de Oriente'),
(2021, 102, ' Danubio del Sur'),
(2022, 102, ' El Consuelo'),
(2023, 102, ' El Mirador Sur I y II'),
(2024, 102, ' El Pensil'),
(2025, 102, ' El PlayÃ³n'),
(2026, 102, ' El Puerto La Loma de San Carlos'),
(2027, 102, ' El Rosal'),
(2028, 102, ' El Socorro'),
(2029, 102, ' Govaroba'),
(2030, 102, ' Govaroba II'),
(2031, 102, ' Guiparma'),
(2032, 102, ' La Esperanza'),
(2033, 102, ' La Merced Sur'),
(2034, 102, ' La Merced Sur San Ignacio'),
(2035, 102, ' La Picota'),
(2036, 102, ' La Playa'),
(2037, 102, ' La Providencia Media'),
(2038, 102, ' Los Chircales'),
(2039, 102, ' Los Molinos'),
(2040, 102, ' Marco Fidel SuÃ¡rez'),
(2041, 102, ' Marruecos'),
(2042, 102, ' Mirador de Marrocos'),
(2043, 102, ' Mirador Los Molinos II Sector'),
(2044, 102, ' Molinos del Sur'),
(2045, 102, ' Nuevo Pensilvania Sur'),
(2046, 102, ' PlayÃ³n La Playita III'),
(2047, 102, ' Pradera Sur'),
(2048, 102, ' PrÃ­ncipe de Bochica'),
(2049, 102, ' Puente de San Bernardo'),
(2050, 102, ' Puerto Rico'),
(2051, 102, ' Socorro III Sector'),
(2052, 102, ' Villa del Sol'),
(2053, 102, ' Villa Gladys'),
(2054, 102, ' Villa Morales'),
(2055, 102, ' Villas del Recuerdo'),
(2056, 103, 'Bravo PÃ¡ez'),
(2057, 103, ' Centenario'),
(2058, 103, ' Claret'),
(2059, 103, ' InglÃ©s'),
(2060, 103, ' Libertador'),
(2061, 103, ' Murillo Toro'),
(2062, 103, ' Olaya'),
(2063, 103, ' Quiroga'),
(2064, 103, ' Quiroga Central'),
(2065, 103, ' Quiroga Sur'),
(2066, 103, ' Santa LucÃ­a'),
(2067, 103, ' Santiago PÃ©rez'),
(2068, 103, ' Villa Mayor'),
(2069, 104, 'Gustavo Restrepo'),
(2070, 104, ' Hospital San Carlos'),
(2071, 104, ' San JosÃ© Sur'),
(2072, 104, ' San Luis'),
(2073, 104, ' Sociego Sur'),
(2074, 105, 'Arborizadora Baja'),
(2075, 105, ' Atlanta'),
(2076, 105, ' CoruÃ±a'),
(2077, 105, ' El Chircal Sur'),
(2078, 105, ' El Esquinero'),
(2079, 105, ' La Playa'),
(2080, 105, ' La Playa II'),
(2081, 105, ' Madelena'),
(2082, 105, ' Rafael Escamilla'),
(2083, 105, ' Santa Helena'),
(2084, 105, ' Santa Rosa Sur'),
(2085, 105, ' UrbanizaciÃ³n Protecho BogotÃ¡'),
(2086, 105, ' UrbanizaciÃ³n Atlanta'),
(2087, 105, ' UrbanizaciÃ³n Casa Larga'),
(2088, 105, ' UrbanizaciÃ³n Guaitiquia'),
(2089, 105, ' UrbanizaciÃ³n La CoruÃ±a'),
(2090, 105, ' Villa Helena'),
(2091, 106, 'Central de Mezclas'),
(2092, 106, ' Las Manas'),
(2093, 106, ' Mochuelo Oriental'),
(2094, 106, ' Verdad El Pedregal â€“ La Lira'),
(2095, 106, ' Villa Jaqui'),
(2096, 107, 'Acapulco I'),
(2097, 107, ' Arabia'),
(2098, 107, ' BogotÃ¡ Sector Tequendama'),
(2099, 107, ' BogotÃ¡ Sur â€“ La Esperanza'),
(2100, 107, ' Buenos Aires'),
(2101, 107, ' Buenos Aires II'),
(2102, 107, ' Buenos Aires III Sector'),
(2103, 107, ' Casa de Teja'),
(2104, 107, ' Cedritos del Sur'),
(2105, 107, ' Divino NiÃ±o'),
(2106, 107, ' El Consuelo'),
(2107, 107, ' El Minuto de MarÃ­a'),
(2108, 107, ' El Mochuelo'),
(2109, 107, ' El Recuerdo Sur'),
(2110, 107, ' El Reflejo II'),
(2111, 107, ' El Tesorito'),
(2112, 107, ' El Tesoro'),
(2113, 107, ' El Triganl'),
(2114, 107, ' Florida Sur Alto'),
(2115, 107, ' InÃ©s Elvira'),
(2116, 107, ' La Cumbre'),
(2117, 107, ' Los Duques'),
(2118, 107, ' Minuto de MarÃ­a'),
(2119, 107, ' Monterrey'),
(2120, 107, ' Ocho de Diciembre'),
(2121, 107, ' ParcelaciÃ³n BogotÃ¡'),
(2122, 107, ' Potreritos'),
(2123, 107, ' Quiba'),
(2124, 107, ' Quiba Urbano'),
(2125, 107, ' RepÃºblica de Venezuela'),
(2126, 107, ' RepÃºblica del CanadÃ¡'),
(2127, 107, ' RincÃ³n del Diamante'),
(2128, 107, ' San JoaquÃ­n El Vaticano'),
(2129, 107, ' San JoaquÃ­n Vaticano â€“ GalpÃ³n'),
(2130, 107, ' San JoaquÃ­n Vaticano â€“ Vergel'),
(2131, 107, ' San Rafael Sur'),
(2132, 107, ' Sotavento'),
(2133, 107, ' UrbanizaciÃ³n Buena Vista'),
(2134, 107, ' UrbanizaciÃ³n Cerros del Sur'),
(2135, 107, ' UrbanizaciÃ³n ChicalÃ¡'),
(2136, 107, ' UrbanizaciÃ³n El Limonar'),
(2137, 107, ' UrbanizaciÃ³n Mirador de San Carlos'),
(2138, 107, ' UrbanizaciÃ³n Urapanes del Sur'),
(2139, 107, ' Villa Diana LÃ³pez'),
(2140, 107, ' Villas de San JoaquÃ­n'),
(2141, 108, 'Bella Estancia'),
(2142, 108, ' Barlovento'),
(2143, 108, ' Bonanza Sur'),
(2144, 108, ' CaracolÃ­'),
(2145, 108, ' Casa Loma II'),
(2146, 108, ' Casgrandes'),
(2147, 108, ' Casaloma'),
(2148, 108, ' Casavianca'),
(2149, 108, ' Conjunto Residencial La Valvanera'),
(2150, 108, ' Cooperativa Ismael Perdomo'),
(2151, 108, ' El Cerro del Diamante'),
(2152, 108, ' El EnsueÃ±o'),
(2153, 108, ' El PeÃ±Ã³n del Cortijo'),
(2154, 108, ' El Porvenir de la Estancia'),
(2155, 108, ' El Porvenir II Etapa'),
(2156, 108, ' El Porvenir Zona C'),
(2157, 108, ' El RincÃ³n del Porvenir'),
(2158, 108, ' El Rosal'),
(2159, 108, ' Espinos I'),
(2160, 108, ' Espinos III Sector'),
(2161, 108, ' Galicia'),
(2162, 108, ' Ismael Perdomo'),
(2163, 108, ' La Carbonera'),
(2164, 108, ' La Carbonera II'),
(2165, 108, ' La Estancia'),
(2166, 108, ' La Primavera'),
(2167, 108, ' La UniÃ³n â€“ Divino NiÃ±o'),
(2168, 108, ' Los Tres Reyes â€“ I Etapa'),
(2169, 108, ' MarÃ­a Cano'),
(2170, 108, ' Mirador de La Estancia'),
(2171, 108, ' Mirador de La Primavera'),
(2172, 108, ' PeÃ±Ã³n del Cortijo III Sector'),
(2173, 108, ' Perdomo Alto'),
(2174, 108, ' Primavera Sur-Occ.'),
(2175, 108, ' Proyecto Rafael Escamilla'),
(2176, 108, ' RincÃ³n de Galicia'),
(2177, 108, ' RincÃ³n de La Estancia'),
(2178, 108, ' RincÃ³n de la Valvanera'),
(2179, 108, ' San Antonio del Mirador'),
(2180, 108, ' San Isidro'),
(2181, 108, ' San Isidro II'),
(2182, 108, ' San Isidro Sector Carboneras'),
(2183, 108, ' San Isidro Sector Cerrito I'),
(2184, 108, ' San Isidro Sector Cerrito II'),
(2185, 108, ' San Isidro Sector Cerrito III'),
(2186, 108, ' SAn Rafael del Alto de La Estancia'),
(2187, 108, ' Santa Viviana'),
(2188, 108, ' Santa Viviana â€“ Sect. Vista Hermosa'),
(2189, 108, ' Santo Domingo'),
(2190, 108, ' Sierra Morena'),
(2191, 108, ' Tres Reyes II Sector'),
(2192, 108, ' UrbanizaciÃ³n Balmoral II'),
(2193, 108, ' UrbanizaciÃ³n Balmoral RincÃ³n de La Valvanera'),
(2194, 108, ' UrbanizaciÃ³n Barlovento'),
(2195, 108, ' UrbanizaciÃ³n Calabria'),
(2196, 108, ' UrbanizaciÃ³n El Arroyuelo â€“ Predio El AlmacÃ©n'),
(2197, 108, ' UrbanizaciÃ³n El EnsueÃ±o'),
(2198, 108, ' UrbanizaciÃ³n Galicia'),
(2199, 108, ' UrbanizaciÃ³n India Catalina'),
(2200, 108, ' UrbanizaciÃ³n La Estancia'),
(2201, 108, ' UrbanizaciÃ³n La Llanada'),
(2202, 108, ' UrbanizaciÃ³n La Riviera del Sur'),
(2203, 108, ' UrbanizaciÃ³n Las Huertas'),
(2204, 108, ' UrbanizaciÃ³n PeÃ±on del Cortijo'),
(2205, 108, ' UrbanizaciÃ³n RincÃ³n de la Valvanera Mz. 7'),
(2206, 109, 'Arborizadora Alta'),
(2207, 109, ' Bellavista'),
(2208, 109, ' Empresa Comunitaria Manuela BeltrÃ¡n'),
(2209, 109, ' Florida Sur Alto'),
(2210, 109, ' JerusalÃ©n'),
(2211, 109, ' JerusalÃ©n Sector Bellavista â€“ La Y'),
(2212, 109, ' JerusalÃ©n Sector El Plan'),
(2213, 109, ' JerusalÃ©n Sector La Isla'),
(2214, 109, ' JerusalÃ©n Sector Las Brisas'),
(2215, 109, ' JerusalÃ©n Sector Media Loma'),
(2216, 109, ' JerusalÃ©n Sector Nueva Argentina'),
(2217, 109, ' JerusalÃ©n Sector ParaÃ­so'),
(2218, 109, ' JerusalÃ©n Sector Plan Canteras'),
(2219, 109, ' JerusalÃ©n Sector PotosÃ­'),
(2220, 109, ' JerusalÃ©n Sector Pradera â€“ La Esperanza'),
(2221, 109, ' JerusalÃ©n Sector Santa Rosita â€“ Las Vegas'),
(2222, 109, ' JerusalÃ©n Sector Tanque Laguna'),
(2223, 109, ' La Pradera'),
(2224, 109, ' Las Brisas'),
(2225, 109, ' Las Vegas de PotosÃ­'),
(2226, 109, ' PotosÃ­'),
(2227, 109, ' UrbanizaciÃ³n Bosques de Candelaria'),
(2228, 109, ' UrbanizaciÃ³n Candelaria La Nueva II Sector'),
(2229, 109, ' UrbanizaciÃ³n La Milagrosa'),
(2230, 109, ' Verona'),
(2231, 109, ' Villa Candelaria'),
(2232, 109, ' Villas de BolÃ­var'),
(2233, 110, 'Acacia IV'),
(2234, 110, ' Alfa'),
(2235, 110, ' Altos de Jalisco'),
(2236, 110, ' Ãlvaro Bernal Segura'),
(2237, 110, ' Bella Flor'),
(2238, 110, ' Bella Flor Sur'),
(2239, 110, ' Bella Vista Lucero Alto'),
(2240, 110, ' Brisas del Volador'),
(2241, 110, ' Buenavista Sector A'),
(2242, 110, ' Ciudad Milagros'),
(2243, 110, ' Compartir'),
(2244, 110, ' Cordillera Sur'),
(2245, 110, ' Domingo LaÃ­n I'),
(2246, 110, ' Domingo LaÃ­n II â€“ El Bosque'),
(2247, 110, ' Domingo LaÃ­n III'),
(2248, 110, ' El Bosque'),
(2249, 110, ' El Castillo'),
(2250, 110, ' El Mirador'),
(2251, 110, ' El ParaÃ­so'),
(2252, 110, ' El SatÃ©lite'),
(2253, 110, ' El Triunfo Sur'),
(2254, 110, ' Estrella del Sur'),
(2255, 110, ' Florida del Sur'),
(2256, 110, ' Gibraltar Sur'),
(2257, 110, ' Gibraltar I y II'),
(2258, 110, ' Juan Pablo II'),
(2259, 110, ' La Alameda'),
(2260, 110, ' La Alameda II Sector'),
(2261, 110, ' La CabaÃ±a'),
(2262, 110, ' La Escala III'),
(2263, 110, ' La Esmeralda Sur'),
(2264, 110, ' La Estrella Sector Lagos'),
(2265, 110, ' La Torre'),
(2266, 110, ' Las Delicias del Sur'),
(2267, 110, ' Las Manitas'),
(2268, 110, ' Las Manitas II Sector'),
(2269, 110, ' Los Alpes'),
(2270, 110, ' Los Andes Sector 5 Nutibara'),
(2271, 110, ' Lucero Alto'),
(2272, 110, ' Lucero Bajo CorporaciÃ³n San Isidro'),
(2273, 110, ' Lucero Bajo Sect. La Conquista'),
(2274, 110, ' Lucero Medio'),
(2275, 110, ' Lucero Sur Bajo'),
(2276, 110, ' MarandÃº'),
(2277, 110, ' Meissen'),
(2278, 110, ' MÃ©xico'),
(2279, 110, ' Mirador Nutibara'),
(2280, 110, ' Naciones Unidas â€“ Chaparro'),
(2281, 110, ' Naciones Unidas â€“ Sta. Rosa'),
(2282, 110, ' Nueva Colombia'),
(2283, 110, ' RocÃ­o Altos del Sur'),
(2284, 110, ' San Luis Altos de Jalisco'),
(2285, 110, ' Tabor â€“ Altaloma'),
(2286, 110, ' Tierra Linda'),
(2287, 110, ' UrbanizaciÃ³n Compartir'),
(2288, 110, ' UrbanizaciÃ³n El Preciso'),
(2289, 110, ' UrbanizaciÃ³n Kalamary'),
(2290, 110, ' UrbanizaciÃ³n La Alameda'),
(2291, 110, ' UrbanizaciÃ³n La Escala'),
(2292, 110, ' UrbanizaciÃ³n Las Quintas del Sur'),
(2293, 110, ' UrbanizaciÃ³n La SerranÃ­a del Sur'),
(2294, 110, ' Villa Gloria'),
(2295, 110, ' Villa Gloria â€“ Las Manitas'),
(2296, 110, ' Villas del Diamante'),
(2297, 110, ' Villas del Progreso'),
(2298, 110, ' Vista Hermosa'),
(2299, 110, ' Vista Hermosa Mz. 77Âª  79Âª  81Âª 82  82Âª 84Âª'),
(2300, 110, ' Vista Hermosa Sector Capri'),
(2301, 110, ' Vista Hermosa Sector San Carlos y El TriÃ¡ngulo'),
(2302, 111, 'Barranquitos'),
(2303, 111, ' Brazuelos Santo Domingo'),
(2304, 111, ' El Mochuelo II'),
(2305, 111, ' Esmeralda'),
(2306, 111, ' Lagunitas'),
(2307, 111, ' Paticos'),
(2308, 112, 'Acacia III Parte Baja'),
(2309, 112, ' Acacias Sur'),
(2310, 112, ' Candelaria La Nuea'),
(2311, 112, ' Colmena'),
(2312, 112, ' Colmena III'),
(2313, 112, ' Gibraltar I y II'),
(2314, 112, ' Juan JosÃ© RondÃ³n â€“ La Casona'),
(2315, 112, ' Juan JosÃ© RondÃ³n'),
(2316, 112, ' Las Acacias'),
(2317, 112, ' MillÃ¡n Los Sauces'),
(2318, 112, ' Puerta Al Llano'),
(2319, 112, ' San Fernando'),
(2320, 112, ' San Francisco'),
(2321, 112, ' San Luis'),
(2322, 112, ' Santa InÃ©s La Acacia'),
(2323, 112, ' Sauces â€“ Hortalizas â€“ Recuerdo'),
(2324, 112, ' Candelaria La Nueva'),
(2325, 112, ' Villas de BolÃ­var'),
(2326, 113, 'Centro poblado de Nazareth'),
(2327, 113, ' Las Animas'),
(2328, 113, ' Las Auras'),
(2329, 113, ' Las Palmas'),
(2330, 113, ' Las Sopas'),
(2331, 113, ' Los RÃ­os'),
(2332, 113, ' Santa Rosa'),
(2333, 113, ' Taquecitos'),
(2334, 114, 'Centro poblado de Betania'),
(2335, 114, ' El Istmo'),
(2336, 114, ' Laguna Verde'),
(2337, 114, ' Raizal'),
(2338, 114, ' PeÃ±aliza'),
(2339, 114, ' Tabaco'),
(2340, 115, 'Capitolio'),
(2341, 115, ' Centro poblado de San Juan de Sumapaz'),
(2342, 115, ' Chorreras'),
(2343, 115, ' ConcepciÃ³n'),
(2344, 115, ' El Toldo'),
(2345, 115, ' La UniÃ³n'),
(2346, 115, ' Lagunitas'),
(2347, 115, ' Las Vegas'),
(2348, 115, ' San Antonio'),
(2349, 115, ' San JosÃ©'),
(2350, 115, ' Santo Domingo'),
(2351, 115, ' Tunal Alto'),
(2352, 115, ' Tunal Bajo');

-- --------------------------------------------------------

--
-- Estructura de tabla para la tabla `pr_departamento`
--

CREATE TABLE `pr_departamento` (
  `IdDepartamento` int(11) NOT NULL,
  `IdPais` int(11) NOT NULL,
  `CodigoDane` varchar(5) NOT NULL,
  `Descripcion` varchar(100) NOT NULL
) ENGINE=InnoDB DEFAULT CHARSET=latin1;

--
-- Volcado de datos para la tabla `pr_departamento`
--

INSERT INTO `pr_departamento` (`IdDepartamento`, `IdPais`, `CodigoDane`, `Descripcion`) VALUES
(1, 1, '05', 'ANTIOQUIA'),
(2, 1, '08', 'ATLANTICO'),
(3, 1, '11', 'BOGOTA, D.C.'),
(4, 1, '13', 'BOLIVAR'),
(5, 1, '15', 'BOYACA'),
(6, 1, '17', 'CALDAS'),
(7, 1, '18', 'CAQUETA'),
(8, 1, '19', 'CAUCA'),
(9, 1, '20', 'CESAR'),
(10, 1, '23', 'CORDOBA'),
(11, 1, '25', 'CUNDINAMARCA'),
(12, 1, '27', 'CHOCO'),
(13, 1, '41', 'HUILA'),
(14, 1, '44', 'LA GUAJIRA'),
(15, 1, '47', 'MAGDALENA'),
(16, 1, '50', 'META'),
(17, 1, '52', 'NARIÃ‘O'),
(18, 1, '54', 'NORTE DE SANTANDER'),
(19, 1, '63', 'QUINDIO'),
(20, 1, '66', 'RISARALDA'),
(21, 1, '68', 'SANTANDER'),
(22, 1, '70', 'SUCRE'),
(23, 1, '73', 'TOLIMA'),
(24, 1, '76', 'VALLE DEL CAUCA'),
(25, 1, '81', 'ARAUCA'),
(26, 1, '85', 'CASANARE'),
(27, 1, '86', 'PUTUMAYO'),
(28, 1, '88', 'ARCHIPIELAGO DE SAN ANDRES PROVIDENCIA Y SANTA CATALINA'),
(29, 1, '91', 'AMAZONAS'),
(30, 1, '94', 'GUAINIA'),
(31, 1, '95', 'GUAVIARE'),
(32, 1, '97', 'VAUPES'),
(33, 1, '99', 'VICHADA');

-- --------------------------------------------------------

--
-- Estructura de tabla para la tabla `pr_equiposrx`
--

CREATE TABLE `pr_equiposrx` (
  `id_equipo` int(10) UNSIGNED NOT NULL,
  `categoria` int(10) NOT NULL,
  `nombre_equipo` varchar(191) COLLATE utf8mb4_unicode_ci NOT NULL,
  `estado` int(10) NOT NULL,
  `created_at` timestamp NULL DEFAULT NULL,
  `updated_at` timestamp NULL DEFAULT NULL
) ENGINE=InnoDB DEFAULT CHARSET=utf8mb4 COLLATE=utf8mb4_unicode_ci;

--
-- Volcado de datos para la tabla `pr_equiposrx`
--

INSERT INTO `pr_equiposrx` (`id_equipo`, `categoria`, `nombre_equipo`, `estado`, `created_at`, `updated_at`) VALUES
(1, 1, 'Densitometría osea', 1, '2019-08-08 05:00:00', NULL),
(2, 1, 'Radiología Odontologica Periapical', 1, '2019-08-08 05:00:00', NULL),
(3, 2, 'Equipo Convencional', 1, '2019-08-08 05:00:00', NULL),
(4, 2, 'Tomografo', 1, '2019-08-08 05:00:00', NULL),
(5, 2, 'Panoramico', 1, '2019-08-08 05:00:00', NULL),
(6, 2, 'Fluoroscopio', 1, '2019-08-08 05:00:00', NULL),
(7, 2, 'SPECT-CT', 1, '2019-08-08 05:00:00', NULL),
(8, 2, 'Arco en C', 1, '2019-08-08 05:00:00', NULL),
(9, 2, 'Mamógrafo', 1, '2019-08-08 05:00:00', NULL),
(10, 2, 'Litotriptor', 1, '2019-08-08 05:00:00', NULL),
(11, 2, 'Angiógrafo', 1, '2019-08-08 05:00:00', NULL),
(12, 2, 'PET-CT', 1, '2019-08-08 05:00:00', NULL),
(13, 2, 'Acelerador Linear', 1, '2019-08-08 05:00:00', NULL),
(14, 2, 'Radiacirugía Robotica', 1, '2019-08-08 05:00:00', NULL);

-- --------------------------------------------------------

--
-- Estructura de tabla para la tabla `pr_localidad`
--

CREATE TABLE `pr_localidad` (
  `idLocalidad` int(11) NOT NULL,
  `Nombre` varchar(100) NOT NULL,
  `id_subred` int(11) NOT NULL
) ENGINE=InnoDB DEFAULT CHARSET=latin1;

--
-- Volcado de datos para la tabla `pr_localidad`
--

INSERT INTO `pr_localidad` (`idLocalidad`, `Nombre`, `id_subred`) VALUES
(1, 'USAQUÃ‰N', 1),
(2, 'CHAPINERO', 1),
(3, 'SANTA FE', 2),
(4, 'SAN CRISTÃ“BAL', 2),
(5, 'USME', 3),
(6, 'TUNJUELITO', 3),
(7, 'BOSA', 4),
(8, 'KENNEDY', 4),
(9, 'FONTIBÃ“N', 4),
(10, 'ENGATIVÃ', 1),
(11, 'SUBA', 1),
(12, 'BARRIOS UNIDOS', 1),
(13, 'TEUSAQUILLO', 1),
(14, 'LOS MÃRTIRES', 2),
(15, 'ANTONIO NARIÃ‘O', 2),
(16, 'PUENTE ARANDA', 4),
(17, 'LA CANDELARIA', 2),
(18, 'RAFAEL URIBE URIBE', 2),
(19, 'CIUDAD BOLIVAR', 3),
(20, 'SUMAPAZ', 3);

-- --------------------------------------------------------

--
-- Estructura de tabla para la tabla `pr_municipio`
--

CREATE TABLE `pr_municipio` (
  `IdMunicipio` int(11) NOT NULL,
  `IdDepartamento` int(11) NOT NULL,
  `CodigoDane` varchar(10) NOT NULL,
  `Descripcion` varchar(100) NOT NULL
) ENGINE=InnoDB DEFAULT CHARSET=latin1;

--
-- Volcado de datos para la tabla `pr_municipio`
--

INSERT INTO `pr_municipio` (`IdMunicipio`, `IdDepartamento`, `CodigoDane`, `Descripcion`) VALUES
(1, 1, '05001', 'MEDELLÃN'),
(2, 1, '05002', 'ABEJORRAL'),
(3, 1, '05004', 'ABRIAQUÃ'),
(4, 1, '05021', 'ALEJANDRÃA'),
(5, 1, '05030', 'AMAGÃ'),
(6, 1, '05031', 'AMALFI'),
(7, 1, '05034', 'ANDES'),
(8, 1, '05036', 'ANGELÃ“POLIS'),
(9, 1, '05038', 'ANGOSTURA'),
(10, 1, '05040', 'ANORÃ'),
(11, 1, '05042', 'SANTA FÃ‰ DE ANTIOQUIA'),
(12, 1, '05044', 'ANZÃ'),
(13, 1, '05045', 'APARTADÃ“'),
(14, 1, '05051', 'ARBOLETES'),
(15, 1, '05055', 'ARGELIA'),
(16, 1, '05059', 'ARMENIA'),
(17, 1, '05079', 'BARBOSA'),
(18, 1, '05086', 'BELMIRA'),
(19, 1, '05088', 'BELLO'),
(20, 1, '05091', 'BETANIA'),
(21, 1, '05093', 'BETULIA'),
(22, 1, '05101', 'CIUDAD BOLÃVAR'),
(23, 1, '05107', 'BRICEÃ‘O'),
(24, 1, '05113', 'BURITICÃ'),
(25, 1, '05120', 'CÃCERES'),
(26, 1, '05125', 'CAICEDO'),
(27, 1, '05129', 'CALDAS'),
(28, 1, '05134', 'CAMPAMENTO'),
(29, 1, '05138', 'CAÃ‘ASGORDAS'),
(30, 1, '05142', 'CARACOLÃ'),
(31, 1, '05145', 'CARAMANTA'),
(32, 1, '05147', 'CAREPA'),
(33, 1, '05148', 'EL CARMEN DE VIBORAL'),
(34, 1, '05150', 'CAROLINA'),
(35, 1, '05154', 'CAUCASIA'),
(36, 1, '05172', 'CHIGORODÃ“'),
(37, 1, '05190', 'CISNEROS'),
(38, 1, '05197', 'COCORNÃ'),
(39, 1, '05206', 'CONCEPCIÃ“N'),
(40, 1, '05209', 'CONCORDIA'),
(41, 1, '05212', 'COPACABANA'),
(42, 1, '05234', 'DABEIBA'),
(43, 1, '05237', 'DONMATÃAS'),
(44, 1, '05240', 'EBÃ‰JICO'),
(45, 1, '05250', 'EL BAGRE'),
(46, 1, '05264', 'ENTRERRÃOS'),
(47, 1, '05266', 'ENVIGADO'),
(48, 1, '05282', 'FREDONIA'),
(49, 1, '05284', 'FRONTINO'),
(50, 1, '05306', 'GIRALDO'),
(51, 1, '05308', 'GIRARDOTA'),
(52, 1, '05310', 'GÃ“MEZ PLATA'),
(53, 1, '05313', 'GRANADA'),
(54, 1, '05315', 'GUADALUPE'),
(55, 1, '05318', 'GUARNE'),
(56, 1, '05321', 'GUATAPÃ‰'),
(57, 1, '05347', 'HELICONIA'),
(58, 1, '05353', 'HISPANIA'),
(59, 1, '05360', 'ITAGÃœÃ'),
(60, 1, '05361', 'ITUANGO'),
(61, 1, '05364', 'JARDÃN'),
(62, 1, '05368', 'JERICÃ“'),
(63, 1, '05376', 'LA CEJA'),
(64, 1, '05380', 'LA ESTRELLA'),
(65, 1, '05390', 'LA PINTADA'),
(66, 1, '05400', 'LA UNIÃ“N'),
(67, 1, '05411', 'LIBORINA'),
(68, 1, '05425', 'MACEO'),
(69, 1, '05440', 'MARINILLA'),
(70, 1, '05467', 'MONTEBELLO'),
(71, 1, '05475', 'MURINDÃ“'),
(72, 1, '05480', 'MUTATÃ'),
(73, 1, '05483', 'NARIÃ‘O'),
(74, 1, '05490', 'NECOCLÃ'),
(75, 1, '05495', 'NECHÃ'),
(76, 1, '05501', 'OLAYA'),
(77, 1, '05541', 'PEÃ‘OL'),
(78, 1, '05543', 'PEQUE'),
(79, 1, '05576', 'PUEBLORRICO'),
(80, 1, '05579', 'PUERTO BERRÃO'),
(81, 1, '05585', 'PUERTO NARE'),
(82, 1, '05591', 'PUERTO TRIUNFO'),
(83, 1, '05604', 'REMEDIOS'),
(84, 1, '05607', 'RETIRO'),
(85, 1, '05615', 'RIONEGRO'),
(86, 1, '05628', 'SABANALARGA'),
(87, 1, '05631', 'SABANETA'),
(88, 1, '05642', 'SALGAR'),
(89, 1, '05647', 'SAN ANDRÃ‰S DE CUERQUÃA'),
(90, 1, '05649', 'SAN CARLOS'),
(91, 1, '05652', 'SAN FRANCISCO'),
(92, 1, '05656', 'SAN JERÃ“NIMO'),
(93, 1, '05658', 'SAN JOSÃ‰ DE LA MONTAÃ‘A'),
(94, 1, '05659', 'SAN JUAN DE URABÃ'),
(95, 1, '05660', 'SAN LUIS'),
(96, 1, '05664', 'SAN PEDRO DE LOS MILAGROS'),
(97, 1, '05665', 'SAN PEDRO DE URABÃ'),
(98, 1, '05667', 'SAN RAFAEL'),
(99, 1, '05670', 'SAN ROQUE'),
(100, 1, '05674', 'SAN VICENTE FERRER'),
(101, 1, '05679', 'SANTA BÃRBARA'),
(102, 1, '05686', 'SANTA ROSA DE OSOS'),
(103, 1, '05690', 'SANTO DOMINGO'),
(104, 1, '05697', 'EL SANTUARIO'),
(105, 1, '05736', 'SEGOVIA'),
(106, 1, '05756', 'SONSÃ“N'),
(107, 1, '05761', 'SOPETRÃN'),
(108, 1, '05789', 'TÃMESIS'),
(109, 1, '05790', 'TARAZÃ'),
(110, 1, '05792', 'TARSO'),
(111, 1, '05809', 'TITIRIBÃ'),
(112, 1, '05819', 'TOLEDO'),
(113, 1, '05837', 'TURBO'),
(114, 1, '05842', 'URAMITA'),
(115, 1, '05847', 'URRAO'),
(116, 1, '05854', 'VALDIVIA'),
(117, 1, '05856', 'VALPARAÃSO'),
(118, 1, '05858', 'VEGACHÃ'),
(119, 1, '05861', 'VENECIA'),
(120, 1, '05873', 'VIGÃA DEL FUERTE'),
(121, 1, '05885', 'YALÃ'),
(122, 1, '05887', 'YARUMAL'),
(123, 1, '05890', 'YOLOMBÃ“'),
(124, 1, '05893', 'YONDÃ“'),
(125, 1, '05895', 'ZARAGOZA'),
(126, 2, '08001', 'BARRANQUILLA'),
(127, 2, '08078', 'BARANOA'),
(128, 2, '08137', 'CAMPO DE LA CRUZ'),
(129, 2, '08141', 'CANDELARIA'),
(130, 2, '08296', 'GALAPA'),
(131, 2, '08372', 'JUAN DE ACOSTA'),
(132, 2, '08421', 'LURUACO'),
(133, 2, '08433', 'MALAMBO'),
(134, 2, '08436', 'MANATÃ'),
(135, 2, '08520', 'PALMAR DE VARELA'),
(136, 2, '08549', 'PIOJÃ“'),
(137, 2, '08558', 'POLONUEVO'),
(138, 2, '08560', 'PONEDERA'),
(139, 2, '08573', 'PUERTO COLOMBIA'),
(140, 2, '08606', 'REPELÃ“N'),
(141, 2, '08634', 'SABANAGRANDE'),
(142, 2, '08638', 'SABANALARGA'),
(143, 2, '08675', 'SANTA LUCÃA'),
(144, 2, '08685', 'SANTO TOMÃS'),
(145, 2, '08758', 'SOLEDAD'),
(146, 2, '08770', 'SUAN'),
(147, 2, '08832', 'TUBARÃ'),
(148, 2, '08849', 'USIACURÃ'),
(149, 3, '11001', 'BOGOTÃ, D.C.'),
(150, 4, '13001', 'CARTAGENA DE INDIAS'),
(151, 4, '13006', 'ACHÃ'),
(152, 4, '13030', 'ALTOS DEL ROSARIO'),
(153, 4, '13042', 'ARENAL'),
(154, 4, '13052', 'ARJONA'),
(155, 4, '13062', 'ARROYOHONDO'),
(156, 4, '13074', 'BARRANCO DE LOBA'),
(157, 4, '13140', 'CALAMAR'),
(158, 4, '13160', 'CANTAGALLO'),
(159, 4, '13188', 'CICUCO'),
(160, 4, '13212', 'CÃ“RDOBA'),
(161, 4, '13222', 'CLEMENCIA'),
(162, 4, '13244', 'EL CARMEN DE BOLÃVAR'),
(163, 4, '13248', 'EL GUAMO'),
(164, 4, '13268', 'EL PEÃ‘Ã“N'),
(165, 4, '13300', 'HATILLO DE LOBA'),
(166, 4, '13430', 'MAGANGUÃ‰'),
(167, 4, '13433', 'MAHATES'),
(168, 4, '13440', 'MARGARITA'),
(169, 4, '13442', 'MARÃA LA BAJA'),
(170, 4, '13458', 'MONTECRISTO'),
(171, 4, '13468', 'MOMPÃ“S'),
(172, 4, '13473', 'MORALES'),
(173, 4, '13490', 'NOROSÃ'),
(174, 4, '13549', 'PINILLOS'),
(175, 4, '13580', 'REGIDOR'),
(176, 4, '13600', 'RÃO VIEJO'),
(177, 4, '13620', 'SAN CRISTÃ“BAL'),
(178, 4, '13647', 'SAN ESTANISLAO'),
(179, 4, '13650', 'SAN FERNANDO'),
(180, 4, '13654', 'SAN JACINTO'),
(181, 4, '13655', 'SAN JACINTO DEL CAUCA'),
(182, 4, '13657', 'SAN JUAN NEPOMUCENO'),
(183, 4, '13667', 'SAN MARTÃN DE LOBA'),
(184, 4, '13670', 'SAN PABLO'),
(185, 4, '13673', 'SANTA CATALINA'),
(186, 4, '13683', 'SANTA ROSA'),
(187, 4, '13688', 'SANTA ROSA DEL SUR'),
(188, 4, '13744', 'SIMITÃ'),
(189, 4, '13760', 'SOPLAVIENTO'),
(190, 4, '13780', 'TALAIGUA NUEVO'),
(191, 4, '13810', 'TIQUISIO'),
(192, 4, '13836', 'TURBACO'),
(193, 4, '13838', 'TURBANÃ'),
(194, 4, '13873', 'VILLANUEVA'),
(195, 4, '13894', 'ZAMBRANO'),
(196, 5, '15001', 'TUNJA'),
(197, 5, '15022', 'ALMEIDA'),
(198, 5, '15047', 'AQUITANIA'),
(199, 5, '15051', 'ARCABUCO'),
(200, 5, '15087', 'BELÃ‰N'),
(201, 5, '15090', 'BERBEO'),
(202, 5, '15092', 'BETÃ‰ITIVA'),
(203, 5, '15097', 'BOAVITA'),
(204, 5, '15104', 'BOYACÃ'),
(205, 5, '15106', 'BRICEÃ‘O'),
(206, 5, '15109', 'BUENAVISTA'),
(207, 5, '15114', 'BUSBANZÃ'),
(208, 5, '15131', 'CALDAS'),
(209, 5, '15135', 'CAMPOHERMOSO'),
(210, 5, '15162', 'CERINZA'),
(211, 5, '15172', 'CHINAVITA'),
(212, 5, '15176', 'CHIQUINQUIRÃ'),
(213, 5, '15180', 'CHISCAS'),
(214, 5, '15183', 'CHITA'),
(215, 5, '15185', 'CHITARAQUE'),
(216, 5, '15187', 'CHIVATÃ'),
(217, 5, '15189', 'CIÃ‰NEGA'),
(218, 5, '15204', 'CÃ“MBITA'),
(219, 5, '15212', 'COPER'),
(220, 5, '15215', 'CORRALES'),
(221, 5, '15218', 'COVARACHÃA'),
(222, 5, '15223', 'CUBARÃ'),
(223, 5, '15224', 'CUCAITA'),
(224, 5, '15226', 'CUÃTIVA'),
(225, 5, '15232', 'CHÃQUIZA'),
(226, 5, '15236', 'CHIVOR'),
(227, 5, '15238', 'DUITAMA'),
(228, 5, '15244', 'EL COCUY'),
(229, 5, '15248', 'EL ESPINO'),
(230, 5, '15272', 'FIRAVITOBA'),
(231, 5, '15276', 'FLORESTA'),
(232, 5, '15293', 'GACHANTIVÃ'),
(233, 5, '15296', 'GÃMEZA'),
(234, 5, '15299', 'GARAGOA'),
(235, 5, '15317', 'GUACAMAYAS'),
(236, 5, '15322', 'GUATEQUE'),
(237, 5, '15325', 'GUAYATÃ'),
(238, 5, '15332', 'GÃœICÃN'),
(239, 5, '15362', 'IZA'),
(240, 5, '15367', 'JENESANO'),
(241, 5, '15368', 'JERICÃ“'),
(242, 5, '15377', 'LABRANZAGRANDE'),
(243, 5, '15380', 'LA CAPILLA'),
(244, 5, '15401', 'LA VICTORIA'),
(245, 5, '15403', 'LA UVITA'),
(246, 5, '15407', 'VILLA DE LEYVA'),
(247, 5, '15425', 'MACANAL'),
(248, 5, '15442', 'MARIPÃ'),
(249, 5, '15455', 'MIRAFLORES'),
(250, 5, '15464', 'MONGUA'),
(251, 5, '15466', 'MONGUÃ'),
(252, 5, '15469', 'MONIQUIRÃ'),
(253, 5, '15476', 'MOTAVITA'),
(254, 5, '15480', 'MUZO'),
(255, 5, '15491', 'NOBSA'),
(256, 5, '15494', 'NUEVO COLÃ“N'),
(257, 5, '15500', 'OICATÃ'),
(258, 5, '15507', 'OTANCHE'),
(259, 5, '15511', 'PACHAVITA'),
(260, 5, '15514', 'PÃEZ'),
(261, 5, '15516', 'PAIPA'),
(262, 5, '15518', 'PAJARITO'),
(263, 5, '15522', 'PANQUEBA'),
(264, 5, '15531', 'PAUNA'),
(265, 5, '15533', 'PAYA'),
(266, 5, '15537', 'PAZ DE RÃO'),
(267, 5, '15542', 'PESCA'),
(268, 5, '15550', 'PISBA'),
(269, 5, '15572', 'PUERTO BOYACÃ'),
(270, 5, '15580', 'QUÃPAMA'),
(271, 5, '15599', 'RAMIRIQUÃ'),
(272, 5, '15600', 'RÃQUIRA'),
(273, 5, '15621', 'RONDÃ“N'),
(274, 5, '15632', 'SABOYÃ'),
(275, 5, '15638', 'SÃCHICA'),
(276, 5, '15646', 'SAMACÃ'),
(277, 5, '15660', 'SAN EDUARDO'),
(278, 5, '15664', 'SAN JOSÃ‰ DE PARE'),
(279, 5, '15667', 'SAN LUIS DE GACENO'),
(280, 5, '15673', 'SAN MATEO'),
(281, 5, '15676', 'SAN MIGUEL DE SEMA'),
(282, 5, '15681', 'SAN PABLO DE BORBUR'),
(283, 5, '15686', 'SANTANA'),
(284, 5, '15690', 'SANTA MARÃA'),
(285, 5, '15693', 'SANTA ROSA DE VITERBO'),
(286, 5, '15696', 'SANTA SOFÃA'),
(287, 5, '15720', 'SATIVANORTE'),
(288, 5, '15723', 'SATIVASUR'),
(289, 5, '15740', 'SIACHOQUE'),
(290, 5, '15753', 'SOATÃ'),
(291, 5, '15755', 'SOCOTÃ'),
(292, 5, '15757', 'SOCHA'),
(293, 5, '15759', 'SOGAMOSO'),
(294, 5, '15761', 'SOMONDOCO'),
(295, 5, '15762', 'SORA'),
(296, 5, '15763', 'SOTAQUIRÃ'),
(297, 5, '15764', 'SORACÃ'),
(298, 5, '15774', 'SUSACÃ“N'),
(299, 5, '15776', 'SUTAMARCHÃN'),
(300, 5, '15778', 'SUTATENZA'),
(301, 5, '15790', 'TASCO'),
(302, 5, '15798', 'TENZA'),
(303, 5, '15804', 'TIBANÃ'),
(304, 5, '15806', 'TIBASOSA'),
(305, 5, '15808', 'TINJACÃ'),
(306, 5, '15810', 'TIPACOQUE'),
(307, 5, '15814', 'TOCA'),
(308, 5, '15816', 'TOGÃœÃ'),
(309, 5, '15820', 'TÃ“PAGA'),
(310, 5, '15822', 'TOTA'),
(311, 5, '15832', 'TUNUNGUÃ'),
(312, 5, '15835', 'TURMEQUÃ‰'),
(313, 5, '15837', 'TUTA'),
(314, 5, '15839', 'TUTAZÃ'),
(315, 5, '15842', 'ÃšMBITA'),
(316, 5, '15861', 'VENTAQUEMADA'),
(317, 5, '15879', 'VIRACACHÃ'),
(318, 5, '15897', 'ZETAQUIRA'),
(319, 6, '17001', 'MANIZALES'),
(320, 6, '17013', 'AGUADAS'),
(321, 6, '17042', 'ANSERMA'),
(322, 6, '17050', 'ARANZAZU'),
(323, 6, '17088', 'BELALCÃZAR'),
(324, 6, '17174', 'CHINCHINÃ'),
(325, 6, '17272', 'FILADELFIA'),
(326, 6, '17380', 'LA DORADA'),
(327, 6, '17388', 'LA MERCED'),
(328, 6, '17433', 'MANZANARES'),
(329, 6, '17442', 'MARMATO'),
(330, 6, '17444', 'MARQUETALIA'),
(331, 6, '17446', 'MARULANDA'),
(332, 6, '17486', 'NEIRA'),
(333, 6, '17495', 'NORCASIA'),
(334, 6, '17513', 'PÃCORA'),
(335, 6, '17524', 'PALESTINA'),
(336, 6, '17541', 'PENSILVANIA'),
(337, 6, '17614', 'RIOSUCIO'),
(338, 6, '17616', 'RISARALDA'),
(339, 6, '17653', 'SALAMINA'),
(340, 6, '17662', 'SAMANÃ'),
(341, 6, '17665', 'SAN JOSÃ‰'),
(342, 6, '17777', 'SUPÃA'),
(343, 6, '17867', 'VICTORIA'),
(344, 6, '17873', 'VILLAMARÃA'),
(345, 6, '17877', 'VITERBO'),
(346, 7, '18001', 'FLORENCIA'),
(347, 7, '18029', 'ALBANIA'),
(348, 7, '18094', 'BELÃ‰N DE LOS ANDAQUÃES'),
(349, 7, '18150', 'CARTAGENA DEL CHAIRÃ'),
(350, 7, '18205', 'CURILLO'),
(351, 7, '18247', 'EL DONCELLO'),
(352, 7, '18256', 'EL PAUJÃL'),
(353, 7, '18410', 'LA MONTAÃ‘ITA'),
(354, 7, '18460', 'MILÃN'),
(355, 7, '18479', 'MORELIA'),
(356, 7, '18592', 'PUERTO RICO'),
(357, 7, '18610', 'SAN JOSÃ‰ DEL FRAGUA'),
(358, 7, '18753', 'SAN VICENTE DEL CAGUÃN'),
(359, 7, '18756', 'SOLANO'),
(360, 7, '18785', 'SOLITA'),
(361, 7, '18860', 'VALPARAÃSO'),
(362, 8, '19001', 'POPAYÃN'),
(363, 8, '19022', 'ALMAGUER'),
(364, 8, '19050', 'ARGELIA'),
(365, 8, '19075', 'BALBOA'),
(366, 8, '19100', 'BOLÃVAR'),
(367, 8, '19110', 'BUENOS AIRES'),
(368, 8, '19130', 'CAJIBÃO'),
(369, 8, '19137', 'CALDONO'),
(370, 8, '19142', 'CALOTO'),
(371, 8, '19212', 'CORINTO'),
(372, 8, '19256', 'EL TAMBO'),
(373, 8, '19290', 'FLORENCIA'),
(374, 8, '19300', 'GUACHENÃ‰'),
(375, 8, '19318', 'GUAPÃ'),
(376, 8, '19355', 'INZÃ'),
(377, 8, '19364', 'JAMBALÃ“'),
(378, 8, '19392', 'LA SIERRA'),
(379, 8, '19397', 'LA VEGA'),
(380, 8, '19418', 'LÃ“PEZ DE MICAY'),
(381, 8, '19450', 'MERCADERES'),
(382, 8, '19455', 'MIRANDA'),
(383, 8, '19473', 'MORALES'),
(384, 8, '19513', 'PADILLA'),
(385, 8, '19517', 'PÃEZ'),
(386, 8, '19532', 'PATÃA'),
(387, 8, '19533', 'PIAMONTE'),
(388, 8, '19548', 'PIENDAMÃ“'),
(389, 8, '19573', 'PUERTO TEJADA'),
(390, 8, '19585', 'PURACÃ‰'),
(391, 8, '19622', 'ROSAS'),
(392, 8, '19693', 'SAN SEBASTIÃN'),
(393, 8, '19698', 'SANTANDER DE QUILICHAO'),
(394, 8, '19701', 'SANTA ROSA'),
(395, 8, '19743', 'SILVIA'),
(396, 8, '19760', 'SOTARA'),
(397, 8, '19780', 'SUÃREZ'),
(398, 8, '19785', 'SUCRE'),
(399, 8, '19807', 'TIMBÃO'),
(400, 8, '19809', 'TIMBIQUÃ'),
(401, 8, '19821', 'TORIBÃO'),
(402, 8, '19824', 'TOTORÃ“'),
(403, 8, '19845', 'VILLA RICA'),
(404, 9, '20001', 'VALLEDUPAR'),
(405, 9, '20011', 'AGUACHICA'),
(406, 9, '20013', 'AGUSTÃN CODAZZI'),
(407, 9, '20032', 'ASTREA'),
(408, 9, '20045', 'BECERRIL'),
(409, 9, '20060', 'BOSCONIA'),
(410, 9, '20175', 'CHIMICHAGUA'),
(411, 9, '20178', 'CHIRIGUANÃ'),
(412, 9, '20228', 'CURUMANÃ'),
(413, 9, '20238', 'EL COPEY'),
(414, 9, '20250', 'EL PASO'),
(415, 9, '20295', 'GAMARRA'),
(416, 9, '20310', 'GONZÃLEZ'),
(417, 9, '20383', 'LA GLORIA'),
(418, 9, '20400', 'LA JAGUA DE IBIRICO'),
(419, 9, '20443', 'MANAURE BALCÃ“N DEL CESAR'),
(420, 9, '20517', 'PAILITAS'),
(421, 9, '20550', 'PELAYA'),
(422, 9, '20570', 'PUEBLO BELLO'),
(423, 9, '20614', 'RÃO DE ORO'),
(424, 9, '20621', 'LA PAZ'),
(425, 9, '20710', 'SAN ALBERTO'),
(426, 9, '20750', 'SAN DIEGO'),
(427, 9, '20770', 'SAN MARTÃN'),
(428, 9, '20787', 'TAMALAMEQUE'),
(429, 10, '23001', 'MONTERÃA'),
(430, 10, '23068', 'AYAPEL'),
(431, 10, '23079', 'BUENAVISTA'),
(432, 10, '23090', 'CANALETE'),
(433, 10, '23162', 'CERETÃ‰'),
(434, 10, '23168', 'CHIMÃ'),
(435, 10, '23182', 'CHINÃš'),
(436, 10, '23189', 'CIÃ‰NAGA DE ORO'),
(437, 10, '23300', 'COTORRA'),
(438, 10, '23350', 'LA APARTADA'),
(439, 10, '23417', 'LORICA'),
(440, 10, '23419', 'LOS CÃ“RDOBAS'),
(441, 10, '23464', 'MOMIL'),
(442, 10, '23466', 'MONTELÃBANO'),
(443, 10, '23500', 'MOÃ‘ITOS'),
(444, 10, '23555', 'PLANETA RICA'),
(445, 10, '23570', 'PUEBLO NUEVO'),
(446, 10, '23574', 'PUERTO ESCONDIDO'),
(447, 10, '23580', 'PUERTO LIBERTADOR'),
(448, 10, '23586', 'PURÃSIMA DE LA CONCEPCIÃ“N'),
(449, 10, '23660', 'SAHAGÃšN'),
(450, 10, '23670', 'SAN ANDRÃ‰S DE SOTAVENTO'),
(451, 10, '23672', 'SAN ANTERO'),
(452, 10, '23675', 'SAN BERNARDO DEL VIENTO'),
(453, 10, '23678', 'SAN CARLOS'),
(454, 10, '23682', 'SAN JOSÃ‰ DE URÃ‰'),
(455, 10, '23686', 'SAN PELAYO'),
(456, 10, '23807', 'TIERRALTA'),
(457, 10, '23815', 'TUCHÃN'),
(458, 10, '23855', 'VALENCIA'),
(459, 11, '25001', 'AGUA DE DIOS'),
(460, 11, '25019', 'ALBÃN'),
(461, 11, '25035', 'ANAPOIMA'),
(462, 11, '25040', 'ANOLAIMA'),
(463, 11, '25053', 'ARBELÃEZ'),
(464, 11, '25086', 'BELTRÃN'),
(465, 11, '25095', 'BITUIMA'),
(466, 11, '25099', 'BOJACÃ'),
(467, 11, '25120', 'CABRERA'),
(468, 11, '25123', 'CACHIPAY'),
(469, 11, '25126', 'CAJICÃ'),
(470, 11, '25148', 'CAPARRAPÃ'),
(471, 11, '25151', 'CÃQUEZA'),
(472, 11, '25154', 'CARMEN DE CARUPA'),
(473, 11, '25168', 'CHAGUANÃ'),
(474, 11, '25175', 'CHÃA'),
(475, 11, '25178', 'CHIPAQUE'),
(476, 11, '25181', 'CHOACHÃ'),
(477, 11, '25183', 'CHOCONTÃ'),
(478, 11, '25200', 'COGUA'),
(479, 11, '25214', 'COTA'),
(480, 11, '25224', 'CUCUNUBÃ'),
(481, 11, '25245', 'EL COLEGIO'),
(482, 11, '25258', 'EL PEÃ‘Ã“N'),
(483, 11, '25260', 'EL ROSAL'),
(484, 11, '25269', 'FACATATIVÃ'),
(485, 11, '25279', 'FÃ“MEQUE'),
(486, 11, '25281', 'FOSCA'),
(487, 11, '25286', 'FUNZA'),
(488, 11, '25288', 'FÃšQUENE'),
(489, 11, '25290', 'FUSAGASUGÃ'),
(490, 11, '25293', 'GACHALÃ'),
(491, 11, '25295', 'GACHANCIPÃ'),
(492, 11, '25297', 'GACHETÃ'),
(493, 11, '25299', 'GAMA'),
(494, 11, '25307', 'GIRARDOT'),
(495, 11, '25312', 'GRANADA'),
(496, 11, '25317', 'GUACHETÃ'),
(497, 11, '25320', 'GUADUAS'),
(498, 11, '25322', 'GUASCA'),
(499, 11, '25324', 'GUATAQUÃ'),
(500, 11, '25326', 'GUATAVITA'),
(501, 11, '25328', 'GUAYABAL DE SÃQUIMA'),
(502, 11, '25335', 'GUAYABETAL'),
(503, 11, '25339', 'GUTIÃ‰RREZ'),
(504, 11, '25368', 'JERUSALÃ‰N'),
(505, 11, '25372', 'JUNÃN'),
(506, 11, '25377', 'LA CALERA'),
(507, 11, '25386', 'LA MESA'),
(508, 11, '25394', 'LA PALMA'),
(509, 11, '25398', 'LA PEÃ‘A'),
(510, 11, '25402', 'LA VEGA'),
(511, 11, '25407', 'LENGUAZAQUE'),
(512, 11, '25426', 'MACHETÃ'),
(513, 11, '25430', 'MADRID'),
(514, 11, '25436', 'MANTA'),
(515, 11, '25438', 'MEDINA'),
(516, 11, '25473', 'MOSQUERA'),
(517, 11, '25483', 'NARIÃ‘O'),
(518, 11, '25486', 'NEMOCÃ“N'),
(519, 11, '25488', 'NILO'),
(520, 11, '25489', 'NIMAIMA'),
(521, 11, '25491', 'NOCAIMA'),
(522, 11, '25506', 'VENECIA'),
(523, 11, '25513', 'PACHO'),
(524, 11, '25518', 'PAIME'),
(525, 11, '25524', 'PANDI'),
(526, 11, '25530', 'PARATEBUENO'),
(527, 11, '25535', 'PASCA'),
(528, 11, '25572', 'PUERTO SALGAR'),
(529, 11, '25580', 'PULÃ'),
(530, 11, '25592', 'QUEBRADANEGRA'),
(531, 11, '25594', 'QUETAME'),
(532, 11, '25596', 'QUIPILE'),
(533, 11, '25599', 'APULO'),
(534, 11, '25612', 'RICAURTE'),
(535, 11, '25645', 'SAN ANTONIO DEL TEQUENDAMA'),
(536, 11, '25649', 'SAN BERNARDO'),
(537, 11, '25653', 'SAN CAYETANO'),
(538, 11, '25658', 'SAN FRANCISCO'),
(539, 11, '25662', 'SAN JUAN DE RIOSECO'),
(540, 11, '25718', 'SASAIMA'),
(541, 11, '25736', 'SESQUILÃ‰'),
(542, 11, '25740', 'SIBATÃ‰'),
(543, 11, '25743', 'SILVANIA'),
(544, 11, '25745', 'SIMIJACA'),
(545, 11, '25754', 'SOACHA'),
(546, 11, '25758', 'SOPÃ“'),
(547, 11, '25769', 'SUBACHOQUE'),
(548, 11, '25772', 'SUESCA'),
(549, 11, '25777', 'SUPATÃ'),
(550, 11, '25779', 'SUSA'),
(551, 11, '25781', 'SUTATAUSA'),
(552, 11, '25785', 'TABIO'),
(553, 11, '25793', 'TAUSA'),
(554, 11, '25797', 'TENA'),
(555, 11, '25799', 'TENJO'),
(556, 11, '25805', 'TIBACUY'),
(557, 11, '25807', 'TIBIRITA'),
(558, 11, '25815', 'TOCAIMA'),
(559, 11, '25817', 'TOCANCIPÃ'),
(560, 11, '25823', 'TOPAIPÃ'),
(561, 11, '25839', 'UBALÃ'),
(562, 11, '25841', 'UBAQUE'),
(563, 11, '25843', 'VILLA DE SAN DIEGO DE UBATÃ‰'),
(564, 11, '25845', 'UNE'),
(565, 11, '25851', 'ÃšTICA'),
(566, 11, '25862', 'VERGARA'),
(567, 11, '25867', 'VIANÃ'),
(568, 11, '25871', 'VILLAGÃ“MEZ'),
(569, 11, '25873', 'VILLAPINZÃ“N'),
(570, 11, '25875', 'VILLETA'),
(571, 11, '25878', 'VIOTÃ'),
(572, 11, '25885', 'YACOPÃ'),
(573, 11, '25898', 'ZIPACÃ“N'),
(574, 11, '25899', 'ZIPAQUIRÃ'),
(575, 12, '27001', 'QUIBDÃ“'),
(576, 12, '27006', 'ACANDÃ'),
(577, 12, '27025', 'ALTO BAUDÃ“'),
(578, 12, '27050', 'ATRATO'),
(579, 12, '27073', 'BAGADÃ“'),
(580, 12, '27075', 'BAHÃA SOLANO'),
(581, 12, '27077', 'BAJO BAUDÃ“'),
(582, 12, '27099', 'BOJAYÃ'),
(583, 12, '27135', 'EL CANTÃ“N DEL SAN PABLO'),
(584, 12, '27150', 'CARMEN DEL DARIÃ‰N'),
(585, 12, '27160', 'CÃ‰RTEGUI'),
(586, 12, '27205', 'CONDOTO'),
(587, 12, '27245', 'EL CARMEN DE ATRATO'),
(588, 12, '27250', 'EL LITORAL DEL SAN JUAN'),
(589, 12, '27361', 'ISTMINA'),
(590, 12, '27372', 'JURADÃ“'),
(591, 12, '27413', 'LLORÃ“'),
(592, 12, '27425', 'MEDIO ATRATO'),
(593, 12, '27430', 'MEDIO BAUDÃ“'),
(594, 12, '27450', 'MEDIO SAN JUAN'),
(595, 12, '27491', 'NÃ“VITA'),
(596, 12, '27495', 'NUQUÃ'),
(597, 12, '27580', 'RÃO IRÃ“'),
(598, 12, '27600', 'RÃO QUITO'),
(599, 12, '27615', 'RIOSUCIO'),
(600, 12, '27660', 'SAN JOSÃ‰ DEL PALMAR'),
(601, 12, '27745', 'SIPÃ'),
(602, 12, '27787', 'TADÃ“'),
(603, 12, '27800', 'UNGUÃA'),
(604, 12, '27810', 'UNIÃ“N PANAMERICANA'),
(605, 13, '41001', 'NEIVA'),
(606, 13, '41006', 'ACEVEDO'),
(607, 13, '41013', 'AGRADO'),
(608, 13, '41016', 'AIPE'),
(609, 13, '41020', 'ALGECIRAS'),
(610, 13, '41026', 'ALTAMIRA'),
(611, 13, '41078', 'BARAYA'),
(612, 13, '41132', 'CAMPOALEGRE'),
(613, 13, '41206', 'COLOMBIA'),
(614, 13, '41244', 'ELÃAS'),
(615, 13, '41298', 'GARZÃ“N'),
(616, 13, '41306', 'GIGANTE'),
(617, 13, '41319', 'GUADALUPE'),
(618, 13, '41349', 'HOBO'),
(619, 13, '41357', 'ÃQUIRA'),
(620, 13, '41359', 'ISNOS'),
(621, 13, '41378', 'LA ARGENTINA'),
(622, 13, '41396', 'LA PLATA'),
(623, 13, '41483', 'NÃTAGA'),
(624, 13, '41503', 'OPORAPA'),
(625, 13, '41518', 'PAICOL'),
(626, 13, '41524', 'PALERMO'),
(627, 13, '41530', 'PALESTINA'),
(628, 13, '41548', 'PITAL'),
(629, 13, '41551', 'PITALITO'),
(630, 13, '41615', 'RIVERA'),
(631, 13, '41660', 'SALADOBLANCO'),
(632, 13, '41668', 'SAN AGUSTÃN'),
(633, 13, '41676', 'SANTA MARÃA'),
(634, 13, '41770', 'SUAZA'),
(635, 13, '41791', 'TARQUI'),
(636, 13, '41797', 'TESALIA'),
(637, 13, '41799', 'TELLO'),
(638, 13, '41801', 'TERUEL'),
(639, 13, '41807', 'TIMANÃ'),
(640, 13, '41872', 'VILLAVIEJA'),
(641, 13, '41885', 'YAGUARÃ'),
(642, 14, '44001', 'RIOHACHA'),
(643, 14, '44035', 'ALBANIA'),
(644, 14, '44078', 'BARRANCAS'),
(645, 14, '44090', 'DIBULLA'),
(646, 14, '44098', 'DISTRACCIÃ“N'),
(647, 14, '44110', 'EL MOLINO'),
(648, 14, '44279', 'FONSECA'),
(649, 14, '44378', 'HATONUEVO'),
(650, 14, '44420', 'LA JAGUA DEL PILAR'),
(651, 14, '44430', 'MAICAO'),
(652, 14, '44560', 'MANAURE'),
(653, 14, '44650', 'SAN JUAN DEL CESAR'),
(654, 14, '44847', 'URIBIA'),
(655, 14, '44855', 'URUMITA'),
(656, 14, '44874', 'VILLANUEVA'),
(657, 15, '47001', 'SANTA MARTA'),
(658, 15, '47030', 'ALGARROBO'),
(659, 15, '47053', 'ARACATACA'),
(660, 15, '47058', 'ARIGUANÃ'),
(661, 15, '47161', 'CERRO DE SAN ANTONIO'),
(662, 15, '47170', 'CHIVOLO'),
(663, 15, '47189', 'CIÃ‰NAGA'),
(664, 15, '47205', 'CONCORDIA'),
(665, 15, '47245', 'EL BANCO'),
(666, 15, '47258', 'EL PIÃ‘Ã“N'),
(667, 15, '47268', 'EL RETÃ‰N'),
(668, 15, '47288', 'FUNDACIÃ“N'),
(669, 15, '47318', 'GUAMAL'),
(670, 15, '47460', 'NUEVA GRANADA'),
(671, 15, '47541', 'PEDRAZA'),
(672, 15, '47545', 'PIJIÃ‘O DEL CARMEN'),
(673, 15, '47551', 'PIVIJAY'),
(674, 15, '47555', 'PLATO'),
(675, 15, '47570', 'PUEBLOVIEJO'),
(676, 15, '47605', 'REMOLINO'),
(677, 15, '47660', 'SABANAS DE SAN ÃNGEL'),
(678, 15, '47675', 'SALAMINA'),
(679, 15, '47692', 'SAN SEBASTIÃN DE BUENAVISTA'),
(680, 15, '47703', 'SAN ZENÃ“N'),
(681, 15, '47707', 'SANTA ANA'),
(682, 15, '47720', 'SANTA BÃRBARA DE PINTO'),
(683, 15, '47745', 'SITIONUEVO'),
(684, 15, '47798', 'TENERIFE'),
(685, 15, '47960', 'ZAPAYÃN'),
(686, 15, '47980', 'ZONA BANANERA'),
(687, 16, '50001', 'VILLAVICENCIO'),
(688, 16, '50006', 'ACACÃAS'),
(689, 16, '50110', 'BARRANCA DE UPÃA'),
(690, 16, '50124', 'CABUYARO'),
(691, 16, '50150', 'CASTILLA LA NUEVA'),
(692, 16, '50223', 'SAN LUIS DE CUBARRAL'),
(693, 16, '50226', 'CUMARAL'),
(694, 16, '50245', 'EL CALVARIO'),
(695, 16, '50251', 'EL CASTILLO'),
(696, 16, '50270', 'EL DORADO'),
(697, 16, '50287', 'FUENTE DE ORO'),
(698, 16, '50313', 'GRANADA'),
(699, 16, '50318', 'GUAMAL'),
(700, 16, '50325', 'MAPIRIPÃN'),
(701, 16, '50330', 'MESETAS'),
(702, 16, '50350', 'LA MACARENA'),
(703, 16, '50370', 'URIBE'),
(704, 16, '50400', 'LEJANÃAS'),
(705, 16, '50450', 'PUERTO CONCORDIA'),
(706, 16, '50568', 'PUERTO GAITÃN'),
(707, 16, '50573', 'PUERTO LÃ“PEZ'),
(708, 16, '50577', 'PUERTO LLERAS'),
(709, 16, '50590', 'PUERTO RICO'),
(710, 16, '50606', 'RESTREPO'),
(711, 16, '50680', 'SAN CARLOS DE GUAROA'),
(712, 16, '50683', 'SAN JUAN DE ARAMA'),
(713, 16, '50686', 'SAN JUANITO'),
(714, 16, '50689', 'SAN MARTÃN'),
(715, 16, '50711', 'VISTAHERMOSA'),
(716, 17, '52001', 'PASTO'),
(717, 17, '52019', 'ALBÃN'),
(718, 17, '52022', 'ALDANA'),
(719, 17, '52036', 'ANCUYÃ'),
(720, 17, '52051', 'ARBOLEDA'),
(721, 17, '52079', 'BARBACOAS'),
(722, 17, '52083', 'BELÃ‰N'),
(723, 17, '52110', 'BUESACO'),
(724, 17, '52203', 'COLÃ“N'),
(725, 17, '52207', 'CONSACÃ'),
(726, 17, '52210', 'CONTADERO'),
(727, 17, '52215', 'CÃ“RDOBA'),
(728, 17, '52224', 'CUASPÃšD'),
(729, 17, '52227', 'CUMBAL'),
(730, 17, '52233', 'CUMBITARA'),
(731, 17, '52240', 'CHACHAGÃœÃ'),
(732, 17, '52250', 'EL CHARCO'),
(733, 17, '52254', 'EL PEÃ‘OL'),
(734, 17, '52256', 'EL ROSARIO'),
(735, 17, '52258', 'EL TABLÃ“N DE GÃ“MEZ'),
(736, 17, '52260', 'EL TAMBO'),
(737, 17, '52287', 'FUNES'),
(738, 17, '52317', 'GUACHUCAL'),
(739, 17, '52320', 'GUAITARILLA'),
(740, 17, '52323', 'GUALMATÃN'),
(741, 17, '52352', 'ILES'),
(742, 17, '52354', 'IMUÃ‰S'),
(743, 17, '52356', 'IPIALES'),
(744, 17, '52378', 'LA CRUZ'),
(745, 17, '52381', 'LA FLORIDA'),
(746, 17, '52385', 'LA LLANADA'),
(747, 17, '52390', 'LA TOLA'),
(748, 17, '52399', 'LA UNIÃ“N'),
(749, 17, '52405', 'LEIVA'),
(750, 17, '52411', 'LINARES'),
(751, 17, '52418', 'LOS ANDES'),
(752, 17, '52427', 'MAGÃœÃ'),
(753, 17, '52435', 'MALLAMA'),
(754, 17, '52473', 'MOSQUERA'),
(755, 17, '52480', 'NARIÃ‘O'),
(756, 17, '52490', 'OLAYA HERRERA'),
(757, 17, '52506', 'OSPINA'),
(758, 17, '52520', 'FRANCISCO PIZARRO'),
(759, 17, '52540', 'POLICARPA'),
(760, 17, '52560', 'POTOSÃ'),
(761, 17, '52565', 'PROVIDENCIA'),
(762, 17, '52573', 'PUERRES'),
(763, 17, '52585', 'PUPIALES'),
(764, 17, '52612', 'RICAURTE'),
(765, 17, '52621', 'ROBERTO PAYÃN'),
(766, 17, '52678', 'SAMANIEGO'),
(767, 17, '52683', 'SANDONÃ'),
(768, 17, '52685', 'SAN BERNARDO'),
(769, 17, '52687', 'SAN LORENZO'),
(770, 17, '52693', 'SAN PABLO'),
(771, 17, '52694', 'SAN PEDRO DE CARTAGO'),
(772, 17, '52696', 'SANTA BÃRBARA'),
(773, 17, '52699', 'SANTACRUZ'),
(774, 17, '52720', 'SAPUYES'),
(775, 17, '52786', 'TAMINANGO'),
(776, 17, '52788', 'TANGUA'),
(777, 17, '52835', 'SAN ANDRÃ‰S DE TUMACO'),
(778, 17, '52838', 'TÃšQUERRES'),
(779, 17, '52885', 'YACUANQUER'),
(780, 18, '54001', 'CÃšCUTA'),
(781, 18, '54003', 'ÃBREGO'),
(782, 18, '54051', 'ARBOLEDAS'),
(783, 18, '54099', 'BOCHALEMA'),
(784, 18, '54109', 'BUCARASICA'),
(785, 18, '54125', 'CÃCOTA'),
(786, 18, '54128', 'CÃCHIRA'),
(787, 18, '54172', 'CHINÃCOTA'),
(788, 18, '54174', 'CHITAGÃ'),
(789, 18, '54206', 'CONVENCIÃ“N'),
(790, 18, '54223', 'CUCUTILLA'),
(791, 18, '54239', 'DURANIA'),
(792, 18, '54245', 'EL CARMEN'),
(793, 18, '54250', 'EL TARRA'),
(794, 18, '54261', 'EL ZULIA'),
(795, 18, '54313', 'GRAMALOTE'),
(796, 18, '54344', 'HACARÃ'),
(797, 18, '54347', 'HERRÃN'),
(798, 18, '54377', 'LABATECA'),
(799, 18, '54385', 'LA ESPERANZA'),
(800, 18, '54398', 'LA PLAYA'),
(801, 18, '54405', 'LOS PATIOS'),
(802, 18, '54418', 'LOURDES'),
(803, 18, '54480', 'MUTISCUA'),
(804, 18, '54498', 'OCAÃ‘A'),
(805, 18, '54518', 'PAMPLONA'),
(806, 18, '54520', 'PAMPLONITA'),
(807, 18, '54553', 'PUERTO SANTANDER'),
(808, 18, '54599', 'RAGONVALIA'),
(809, 18, '54660', 'SALAZAR'),
(810, 18, '54670', 'SAN CALIXTO'),
(811, 18, '54673', 'SAN CAYETANO'),
(812, 18, '54680', 'SANTIAGO'),
(813, 18, '54720', 'SARDINATA'),
(814, 18, '54743', 'SILOS'),
(815, 18, '54800', 'TEORAMA'),
(816, 18, '54810', 'TIBÃš'),
(817, 18, '54820', 'TOLEDO'),
(818, 18, '54871', 'VILLA CARO'),
(819, 18, '54874', 'VILLA DEL ROSARIO'),
(820, 19, '63001', 'ARMENIA'),
(821, 19, '63111', 'BUENAVISTA'),
(822, 19, '63130', 'CALARCÃ'),
(823, 19, '63190', 'CIRCASIA'),
(824, 19, '63212', 'CÃ“RDOBA'),
(825, 19, '63272', 'FILANDIA'),
(826, 19, '63302', 'GÃ‰NOVA'),
(827, 19, '63401', 'LA TEBAIDA'),
(828, 19, '63470', 'MONTENEGRO'),
(829, 19, '63548', 'PIJAO'),
(830, 19, '63594', 'QUIMBAYA'),
(831, 19, '63690', 'SALENTO'),
(832, 20, '66001', 'PEREIRA'),
(833, 20, '66045', 'APÃA'),
(834, 20, '66075', 'BALBOA'),
(835, 20, '66088', 'BELÃ‰N DE UMBRÃA'),
(836, 20, '66170', 'DOSQUEBRADAS'),
(837, 20, '66318', 'GUÃTICA'),
(838, 20, '66383', 'LA CELIA'),
(839, 20, '66400', 'LA VIRGINIA'),
(840, 20, '66440', 'MARSELLA'),
(841, 20, '66456', 'MISTRATÃ“'),
(842, 20, '66572', 'PUEBLO RICO'),
(843, 20, '66594', 'QUINCHÃA'),
(844, 20, '66682', 'SANTA ROSA DE CABAL'),
(845, 20, '66687', 'SANTUARIO'),
(846, 21, '68001', 'BUCARAMANGA'),
(847, 21, '68013', 'AGUADA'),
(848, 21, '68020', 'ALBANIA'),
(849, 21, '68051', 'ARATOCA'),
(850, 21, '68077', 'BARBOSA'),
(851, 21, '68079', 'BARICHARA'),
(852, 21, '68081', 'BARRANCABERMEJA'),
(853, 21, '68092', 'BETULIA'),
(854, 21, '68101', 'BOLÃVAR'),
(855, 21, '68121', 'CABRERA'),
(856, 21, '68132', 'CALIFORNIA'),
(857, 21, '68147', 'CAPITANEJO'),
(858, 21, '68152', 'CARCASÃ'),
(859, 21, '68160', 'CEPITÃ'),
(860, 21, '68162', 'CERRITO'),
(861, 21, '68167', 'CHARALÃ'),
(862, 21, '68169', 'CHARTA'),
(863, 21, '68176', 'CHIMA'),
(864, 21, '68179', 'CHIPATÃ'),
(865, 21, '68190', 'CIMITARRA'),
(866, 21, '68207', 'CONCEPCIÃ“N'),
(867, 21, '68209', 'CONFINES'),
(868, 21, '68211', 'CONTRATACIÃ“N'),
(869, 21, '68217', 'COROMORO'),
(870, 21, '68229', 'CURITÃ'),
(871, 21, '68235', 'EL CARMEN DE CHUCURÃ'),
(872, 21, '68245', 'EL GUACAMAYO'),
(873, 21, '68250', 'EL PEÃ‘Ã“N'),
(874, 21, '68255', 'EL PLAYÃ“N'),
(875, 21, '68264', 'ENCINO'),
(876, 21, '68266', 'ENCISO'),
(877, 21, '68271', 'FLORIÃN'),
(878, 21, '68276', 'FLORIDABLANCA'),
(879, 21, '68296', 'GALÃN'),
(880, 21, '68298', 'GÃMBITA'),
(881, 21, '68307', 'GIRÃ“N'),
(882, 21, '68318', 'GUACA'),
(883, 21, '68320', 'GUADALUPE'),
(884, 21, '68322', 'GUAPOTÃ'),
(885, 21, '68324', 'GUAVATÃ'),
(886, 21, '68327', 'GÃœEPSA'),
(887, 21, '68344', 'HATO'),
(888, 21, '68368', 'JESÃšS MARÃA'),
(889, 21, '68370', 'JORDÃN'),
(890, 21, '68377', 'LA BELLEZA'),
(891, 21, '68385', 'LANDÃZURI'),
(892, 21, '68397', 'LA PAZ'),
(893, 21, '68406', 'LEBRIJA'),
(894, 21, '68418', 'LOS SANTOS'),
(895, 21, '68425', 'MACARAVITA'),
(896, 21, '68432', 'MÃLAGA'),
(897, 21, '68444', 'MATANZA'),
(898, 21, '68464', 'MOGOTES'),
(899, 21, '68468', 'MOLAGAVITA'),
(900, 21, '68498', 'OCAMONTE'),
(901, 21, '68500', 'OIBA'),
(902, 21, '68502', 'ONZAGA'),
(903, 21, '68522', 'PALMAR'),
(904, 21, '68524', 'PALMAS DEL SOCORRO'),
(905, 21, '68533', 'PÃRAMO'),
(906, 21, '68547', 'PIEDECUESTA'),
(907, 21, '68549', 'PINCHOTE'),
(908, 21, '68572', 'PUENTE NACIONAL'),
(909, 21, '68573', 'PUERTO PARRA'),
(910, 21, '68575', 'PUERTO WILCHES'),
(911, 21, '68615', 'RIONEGRO'),
(912, 21, '68655', 'SABANA DE TORRES'),
(913, 21, '68669', 'SAN ANDRÃ‰S'),
(914, 21, '68673', 'SAN BENITO'),
(915, 21, '68679', 'SAN GIL'),
(916, 21, '68682', 'SAN JOAQUÃN'),
(917, 21, '68684', 'SAN JOSÃ‰ DE MIRANDA'),
(918, 21, '68686', 'SAN MIGUEL'),
(919, 21, '68689', 'SAN VICENTE DE CHUCURÃ'),
(920, 21, '68705', 'SANTA BÃRBARA'),
(921, 21, '68720', 'SANTA HELENA DEL OPÃ“N'),
(922, 21, '68745', 'SIMACOTA'),
(923, 21, '68755', 'SOCORRO'),
(924, 21, '68770', 'SUAITA'),
(925, 21, '68773', 'SUCRE'),
(926, 21, '68780', 'SURATÃ'),
(927, 21, '68820', 'TONA'),
(928, 21, '68855', 'VALLE DE SAN JOSÃ‰'),
(929, 21, '68861', 'VÃ‰LEZ'),
(930, 21, '68867', 'VETAS'),
(931, 21, '68872', 'VILLANUEVA'),
(932, 21, '68895', 'ZAPATOCA'),
(933, 22, '70001', 'SINCELEJO'),
(934, 22, '70110', 'BUENAVISTA'),
(935, 22, '70124', 'CAIMITO'),
(936, 22, '70204', 'COLOSO'),
(937, 22, '70215', 'COROZAL'),
(938, 22, '70221', 'COVEÃ‘AS'),
(939, 22, '70230', 'CHALÃN'),
(940, 22, '70233', 'EL ROBLE'),
(941, 22, '70235', 'GALERAS'),
(942, 22, '70265', 'GUARANDA'),
(943, 22, '70400', 'LA UNIÃ“N'),
(944, 22, '70418', 'LOS PALMITOS'),
(945, 22, '70429', 'MAJAGUAL'),
(946, 22, '70473', 'MORROA'),
(947, 22, '70508', 'OVEJAS'),
(948, 22, '70523', 'PALMITO'),
(949, 22, '70670', 'SAMPUÃ‰S'),
(950, 22, '70678', 'SAN BENITO ABAD'),
(951, 22, '70702', 'SAN JUAN DE BETULIA'),
(952, 22, '70708', 'SAN MARCOS'),
(953, 22, '70713', 'SAN ONOFRE'),
(954, 22, '70717', 'SAN PEDRO'),
(955, 22, '70742', 'SAN LUIS DE SINCÃ‰'),
(956, 22, '70771', 'SUCRE'),
(957, 22, '70820', 'SANTIAGO DE TOLÃš'),
(958, 22, '70823', 'TOLÃš VIEJO'),
(959, 23, '73001', 'IBAGUÃ‰'),
(960, 23, '73024', 'ALPUJARRA'),
(961, 23, '73026', 'ALVARADO'),
(962, 23, '73030', 'AMBALEMA'),
(963, 23, '73043', 'ANZOÃTEGUI'),
(964, 23, '73055', 'ARMERO GUAYABAL'),
(965, 23, '73067', 'ATACO'),
(966, 23, '73124', 'CAJAMARCA'),
(967, 23, '73148', 'CARMEN DE APICALÃ'),
(968, 23, '73152', 'CASABIANCA'),
(969, 23, '73168', 'CHAPARRAL'),
(970, 23, '73200', 'COELLO'),
(971, 23, '73217', 'COYAIMA'),
(972, 23, '73226', 'CUNDAY'),
(973, 23, '73236', 'DOLORES'),
(974, 23, '73268', 'ESPINAL'),
(975, 23, '73270', 'FALAN'),
(976, 23, '73275', 'FLANDES'),
(977, 23, '73283', 'FRESNO'),
(978, 23, '73319', 'GUAMO'),
(979, 23, '73347', 'HERVEO'),
(980, 23, '73349', 'HONDA'),
(981, 23, '73352', 'ICONONZO'),
(982, 23, '73408', 'LÃ‰RIDA'),
(983, 23, '73411', 'LÃBANO'),
(984, 23, '73443', 'SAN SEBASTIÃN DE MARIQUITA'),
(985, 23, '73449', 'MELGAR'),
(986, 23, '73461', 'MURILLO'),
(987, 23, '73483', 'NATAGAIMA'),
(988, 23, '73504', 'ORTEGA'),
(989, 23, '73520', 'PALOCABILDO'),
(990, 23, '73547', 'PIEDRAS'),
(991, 23, '73555', 'PLANADAS'),
(992, 23, '73563', 'PRADO'),
(993, 23, '73585', 'PURIFICACIÃ“N'),
(994, 23, '73616', 'RIOBLANCO'),
(995, 23, '73622', 'RONCESVALLES'),
(996, 23, '73624', 'ROVIRA'),
(997, 23, '73671', 'SALDAÃ‘A'),
(998, 23, '73675', 'SAN ANTONIO'),
(999, 23, '73678', 'SAN LUIS'),
(1000, 23, '73686', 'SANTA ISABEL'),
(1001, 23, '73770', 'SUÃREZ'),
(1002, 23, '73854', 'VALLE DE SAN JUAN'),
(1003, 23, '73861', 'VENADILLO'),
(1004, 23, '73870', 'VILLAHERMOSA'),
(1005, 23, '73873', 'VILLARRICA'),
(1006, 24, '76001', 'CALI'),
(1007, 24, '76020', 'ALCALÃ'),
(1008, 24, '76036', 'ANDALUCÃA'),
(1009, 24, '76041', 'ANSERMANUEVO'),
(1010, 24, '76054', 'ARGELIA'),
(1011, 24, '76100', 'BOLÃVAR'),
(1012, 24, '76109', 'BUENAVENTURA'),
(1013, 24, '76111', 'GUADALAJARA DE BUGA'),
(1014, 24, '76113', 'BUGALAGRANDE'),
(1015, 24, '76122', 'CAICEDONIA'),
(1016, 24, '76126', 'CALIMA'),
(1017, 24, '76130', 'CANDELARIA'),
(1018, 24, '76147', 'CARTAGO'),
(1019, 24, '76233', 'DAGUA'),
(1020, 24, '76243', 'EL ÃGUILA'),
(1021, 24, '76246', 'EL CAIRO'),
(1022, 24, '76248', 'EL CERRITO'),
(1023, 24, '76250', 'EL DOVIO'),
(1024, 24, '76275', 'FLORIDA'),
(1025, 24, '76306', 'GINEBRA'),
(1026, 24, '76318', 'GUACARÃ'),
(1027, 24, '76364', 'JAMUNDÃ'),
(1028, 24, '76377', 'LA CUMBRE'),
(1029, 24, '76400', 'LA UNIÃ“N'),
(1030, 24, '76403', 'LA VICTORIA'),
(1031, 24, '76497', 'OBANDO'),
(1032, 24, '76520', 'PALMIRA'),
(1033, 24, '76563', 'PRADERA'),
(1034, 24, '76606', 'RESTREPO'),
(1035, 24, '76616', 'RIOFRÃO'),
(1036, 24, '76622', 'ROLDANILLO'),
(1037, 24, '76670', 'SAN PEDRO'),
(1038, 24, '76736', 'SEVILLA'),
(1039, 24, '76823', 'TORO'),
(1040, 24, '76828', 'TRUJILLO'),
(1041, 24, '76834', 'TULUÃ'),
(1042, 24, '76845', 'ULLOA'),
(1043, 24, '76863', 'VERSALLES'),
(1044, 24, '76869', 'VIJES'),
(1045, 24, '76890', 'YOTOCO'),
(1046, 24, '76892', 'YUMBO'),
(1047, 24, '76895', 'ZARZAL'),
(1048, 25, '81001', 'ARAUCA'),
(1049, 25, '81065', 'ARAUQUITA'),
(1050, 25, '81220', 'CRAVO NORTE'),
(1051, 25, '81300', 'FORTUL'),
(1052, 25, '81591', 'PUERTO RONDÃ“N'),
(1053, 25, '81736', 'SARAVENA'),
(1054, 25, '81794', 'TAME'),
(1055, 26, '85001', 'YOPAL'),
(1056, 26, '85010', 'AGUAZUL'),
(1057, 26, '85015', 'CHÃMEZA'),
(1058, 26, '85125', 'HATO COROZAL'),
(1059, 26, '85136', 'LA SALINA'),
(1060, 26, '85139', 'MANÃ'),
(1061, 26, '85162', 'MONTERREY'),
(1062, 26, '85225', 'NUNCHÃA'),
(1063, 26, '85230', 'OROCUÃ‰'),
(1064, 26, '85250', 'PAZ DE ARIPORO'),
(1065, 26, '85263', 'PORE'),
(1066, 26, '85279', 'RECETOR'),
(1067, 26, '85300', 'SABANALARGA'),
(1068, 26, '85315', 'SÃCAMA'),
(1069, 26, '85325', 'SAN LUIS DE PALENQUE'),
(1070, 26, '85400', 'TÃMARA'),
(1071, 26, '85410', 'TAURAMENA'),
(1072, 26, '85430', 'TRINIDAD'),
(1073, 26, '85440', 'VILLANUEVA'),
(1074, 27, '86001', 'MOCOA'),
(1075, 27, '86219', 'COLÃ“N'),
(1076, 27, '86320', 'ORITO'),
(1077, 27, '86568', 'PUERTO ASÃS'),
(1078, 27, '86569', 'PUERTO CAICEDO'),
(1079, 27, '86571', 'PUERTO GUZMÃN'),
(1080, 27, '86573', 'PUERTO LEGUÃZAMO'),
(1081, 27, '86749', 'SIBUNDOY'),
(1082, 27, '86755', 'SAN FRANCISCO'),
(1083, 27, '86757', 'SAN MIGUEL'),
(1084, 27, '86760', 'SANTIAGO'),
(1085, 27, '86865', 'VALLE DEL GUAMUEZ'),
(1086, 27, '86885', 'VILLAGARZÃ“N'),
(1087, 28, '88001', 'SAN ANDRÃ‰S'),
(1088, 28, '88564', 'PROVIDENCIA'),
(1089, 29, '91001', 'LETICIA'),
(1090, 29, '91263', 'EL ENCANTO'),
(1091, 29, '91405', 'LA CHORRERA'),
(1092, 29, '91407', 'LA PEDRERA'),
(1093, 29, '91430', 'LA VICTORIA'),
(1094, 29, '91460', 'MIRITÃ - PARANÃ'),
(1095, 29, '91530', 'PUERTO ALEGRÃA'),
(1096, 29, '91536', 'PUERTO ARICA'),
(1097, 29, '91540', 'PUERTO NARIÃ‘O'),
(1098, 29, '91669', 'PUERTO SANTANDER'),
(1099, 29, '91798', 'TARAPACÃ'),
(1100, 30, '94001', 'INÃRIDA'),
(1101, 30, '94343', 'BARRANCO MINAS'),
(1102, 30, '94663', 'MAPIRIPANA'),
(1103, 30, '94883', 'SAN FELIPE'),
(1104, 30, '94884', 'PUERTO COLOMBIA'),
(1105, 30, '94885', 'LA GUADALUPE'),
(1106, 30, '94886', 'CACAHUAL'),
(1107, 30, '94887', 'PANA PANA'),
(1108, 30, '94888', 'MORICHAL'),
(1109, 31, '95001', 'SAN JOSÃ‰ DEL GUAVIARE'),
(1110, 31, '95015', 'CALAMAR'),
(1111, 31, '95025', 'EL RETORNO'),
(1112, 31, '95200', 'MIRAFLORES'),
(1113, 32, '97001', 'MITÃš'),
(1114, 32, '97161', 'CARURÃš'),
(1115, 32, '97511', 'PACOA'),
(1116, 32, '97666', 'TARAIRA'),
(1117, 32, '97777', 'PAPUNAUA'),
(1118, 32, '97889', 'YAVARATÃ‰'),
(1119, 33, '99001', 'PUERTO CARREÃ‘O'),
(1120, 33, '99524', 'LA PRIMAVERA'),
(1121, 33, '99624', 'SANTA ROSALÃA'),
(1122, 33, '99773', 'CUMARIBO');

-- --------------------------------------------------------

--
-- Estructura de tabla para la tabla `pr_nivelacademico`
--

CREATE TABLE `pr_nivelacademico` (
  `IdNivelAcademico` int(11) NOT NULL,
  `Nombre` varchar(50) NOT NULL
) ENGINE=InnoDB DEFAULT CHARSET=latin1;

--
-- Volcado de datos para la tabla `pr_nivelacademico`
--

INSERT INTO `pr_nivelacademico` (`IdNivelAcademico`, `Nombre`) VALUES
(1, 'Bachiller');

-- --------------------------------------------------------

--
-- Estructura de tabla para la tabla `pr_programas_univ`
--

CREATE TABLE `pr_programas_univ` (
  `id_programa` varchar(15) NOT NULL,
  `id_institucion` bigint(12) NOT NULL,
  `nombre_programa` text NOT NULL,
  `aplica_rethus` int(11) NOT NULL DEFAULT '0',
  `sede` varchar(130) NOT NULL,
  `tipo_prog` varchar(10) DEFAULT NULL
) ENGINE=InnoDB DEFAULT CHARSET=latin1;

--
-- Volcado de datos para la tabla `pr_programas_univ`
--

INSERT INTO `pr_programas_univ` (`id_programa`, `id_institucion`, `nombre_programa`, `aplica_rethus`, `sede`, `tipo_prog`) VALUES
('3223', 4704, 'TÃ‰CNICO PROFESIONAL EN TERAPIA OCUPACIONAL', 0, 'BOGOTA D.C.', 'TCP'),
('14306', 4704, 'TECNICA PROFESIONAL EN TERAPIA RESPIRATORIA', 0, 'BOGOTA D.C.', 'TCP'),
('14308', 4704, 'TECNICA PROFESIONAL EN FONOAUDIOLOGIA', 0, 'BOGOTA D.C.', 'TCP'),
('14309', 4704, 'TÃ‰CNICO PROFESIONAL EN FISIOTERAPIA', 0, 'BOGOTA D.C.', 'TCP'),
('51723', 4727, 'TECNICO PROFESIONAL EN SALUD ORAL', 0, 'POLITECNICO INTERNACIONAL INSTITUCION DE EDUCACION SUPERIOR', 'TCP'),
('51760', 4727, 'TECNICA PROFESIONAL EN ENFERMERIA', 0, 'POLITECNICO INTERNACIONAL INSTITUCION DE EDUCACION SUPERIOR', 'TCP'),
('105819', 2102, 'TECNOLOGIA EN RADIOLOGIA E IMAGENES DIAGNOSTICAS', 1, 'UNIVERSIDAD NACIONAL ABIERTA Y A DISTANCIA UNAD', 'TEC'),
('90754', 2708, 'TECNOLOGIA EN ATENCIÃ“N PREHOSPITALARIA', 1, 'UNIVERSIDAD CES', 'TEC'),
('1902', 2728, 'TECNOLOGIA EN RADIOLOGÃA E IMÃGENES DIAGNOSTICAS', 1, 'FUNDACION UNIVERSITARIA DEL AREA ANDINA', 'TEC'),
('19760', 2728, 'TECNOLOGIA EN RADIOLOGIA E IMAGENES DIAGNOSTICAS', 1, 'FUNDACION UNIVERSITARIA DEL AREA ANDINA', 'TEC'),
('106523', 2728, 'TECNOLOGIA EN RADIOLOGÃA E IMÃGENES DIAGNÃ“STICAS', 1, 'FUNDACION UNIVERSITARIA DEL AREA ANDINA', 'TEC'),
('16613', 2848, 'TECNOLOGIA EN TERAPIA RESPIRATORIA', 0, 'BOGOTA D.C.', 'TEC'),
('16614', 2848, 'TECNOLOGIA EN TERAPIA OCUPACIONAL', 0, 'BOGOTA D.C.', 'TEC'),
('2617', 3702, 'TECNOLOGIA EN RADIOLOGIA E IMAGENES DIAGNOSTICAS', 1, 'FUNDACION TECNOLOGICA AUTONOMA DE BOGOTA-FABA-', 'TEC'),
('3301', 3702, 'TECNOLOGIA EN CITOHISTOLOGIA', 1, 'FUNDACION TECNOLOGICA AUTONOMA DE BOGOTA-FABA-', 'TEC'),
('101990', 9110, 'TECNOLOGIA EN MANEJO DE FUENTES ABIERTAS DE USO DIAGNÃ“STICO Y TERAPEUTICO', 1, 'SERVICIO NACIONAL DE APRENDIZAJE-SENA-', 'TEC'),
('103588', 9110, 'TECNOLOGIA EN RADIOTERAPIA', 1, 'SERVICIO NACIONAL DE APRENDIZAJE-SENA-', 'TEC'),
('9190', 1203, 'TECNOLOGIA EN ATENCION PREHOSPITALARIA', 0, 'CALI', 'TEC'),
('10073', 1204, 'TECNOLOGIA EN REGENCIA DE FARMACIA', 0, 'BUCARAMANGA', 'TEC'),
('52188', 1209, 'TECNOLOGÃ­A EN REGENCIA DE FARMACIA', 0, 'CUCUTA', 'TEC'),
('53639', 1213, 'TECNOLOGIA EN REGENCIA DE FARMACIA', 0, 'SANTA MARTA', 'TEC'),
('52782', 1217, 'TECNOLOGIA EN REGENCIA DE FARMACIA', 0, 'SINCELEJO', 'TEC'),
('17806', 1218, 'TECNOLOGIA EN SALUD AMBIENTAL', 0, 'RIOHACHA', 'TEC'),
('4752', 91, 'AUXILIAR ADMINISTRATIVO EN SALUD', 1, 'PRINCIPAL', 'AUX'),
('4194', 4011, 'AUXILIAR ADMINISTRATIVO EN SALUD', 1, 'CAMPO ALTO', 'AUX'),
('5180', 1356, 'AUXILIAR ADMINISTRATIVO EN SALUD', 1, 'PRINCIPAL', 'AUX'),
('4195', 4011, 'AUXILIAR DE ENFERMERIA', 1, 'CAMPO ALTO', 'AUX'),
('4907', 956, 'AUXILIAR DE ENFERMERIA', 1, 'PRINCIPAL', 'AUX'),
('4196', 4011, 'AUXILIAR DE SALUD ORAL', 1, 'CAMPO ALTO', 'AUX'),
('4197', 4011, 'AUXILIAR DE SERVICIOS FARMACEUTICOS', 1, 'CAMPO ALTO', 'AUX'),
('4801', 1618, 'AUXILIAR EN ENFERMERIA', 1, 'PRINCIPAL', 'AUX'),
('4767', 3984, 'AUXILIAR EN ENFERMERIA', 1, 'CRUZ ROJA COLOMBIANA SECCIONAL CUNDINAMARCA Y BOGOTA \"ALBERTO VEJARANO LAVERDE', 'AUX'),
('4997', 5132, 'AUXILIAR EN ENFERMERIA', 1, 'FUNDACION UNIVERSITARIA DEL AREA ANDINA', 'AUX'),
('5181', 1356, 'AUXILIAR EN ENFERMERIA', 1, 'PRINCIPAL', 'AUX'),
('4285', 75, 'AUXILIAR EN ENFERMERIA', 1, 'PRINCIPAL', 'AUX'),
('4753', 91, 'AUXILIAR EN ENFERMERIA', 1, 'PRINCIPAL', 'AUX'),
('4754', 91, 'AUXILIAR EN SALUD ORAL', 1, 'PRINCIPAL', 'AUX'),
('4286', 75, 'AUXILIAR EN SALUD ORAL', 1, 'PRINCIPAL', 'AUX'),
('5182', 1356, 'AUXILIAR EN SALUD ORAL', 1, 'PRINCIPAL', 'AUX'),
('4975', 3729, 'AUXILIAR EN SALUD PUBLICA', 1, 'PRINCIPAL', 'AUX'),
('4200', 4011, 'AUXILIAR EN SALUD PUBLICA', 1, 'CAMPO ALTO', 'AUX'),
('5183', 1356, 'AUXILIAR EN SALUD PUBLICA', 1, 'PRINCIPAL', 'AUX'),
('4755', 91, 'AUXILIAR EN SALUD PÃšBLICA', 1, 'PRINCIPAL', 'AUX'),
('4802', 1618, 'AUXILIAR EN SERVICIOS FARMACEUTICOS', 1, 'PRINCIPAL', 'AUX'),
('4830', 5153, 'AUXILIAR EN SERVICIOS FARMACEUTICOS', 1, 'ESCUELA DE CAPACITACION LABORAL EMPRESARIAL SCALANDO', 'AUX'),
('5184', 1356, 'AUXILIAR EN SERVICIOS FARMACEUTICOS', 1, 'PRINCIPAL', 'AUX'),
('4287', 75, 'AUXILIAR EN SERVICIOS FARMACEUTICOS', 1, 'PRINCIPAL', 'AUX'),
('4756', 91, 'AUXILIAR EN SERVICIOS FARMACEUTICOS', 1, 'PRINCIPAL', 'AUX'),
('5195', 398, 'TECNICO AUXILIAR ADMINISTRATIVO EN SALUD', 1, 'PRINCIPAL', 'AUX'),
('16415', 6886, 'TECNICO AUXILIAR DE ENFERMERIA', 1, 'MEDISED INSTITUCION DE EDUCACION PARA EL TRABAJO Y EL DESARROLO TUNJUELITO', 'AUX'),
('5196', 398, 'TECNICO AUXILIAR EN ENFERMERIA', 1, 'PRINCIPAL', 'AUX'),
('5197', 398, 'TECNICO AUXILIAR EN SALUD PUBLICA', 1, 'PRINCIPAL', 'AUX'),
('5198', 398, 'TECNICO AUXILIAR EN SERVICIOS FARMACEUTICOS', 1, 'PRINCIPAL', 'AUX'),
('16418', 6886, 'TECNICO LABORAL AUXILIAR ADMINISTRATIVO EN SALUD', 1, 'MEDISED INSTITUCION DE EDUCACION PARA EL TRABAJO Y EL DESARROLO TUNJUELITO', 'AUX'),
('16419', 6886, 'TECNICO LABORAL AUXILIAR EN SALUD PUBLICA', 1, 'MEDISED INSTITUCION DE EDUCACION PARA EL TRABAJO Y EL DESARROLO TUNJUELITO', 'AUX'),
('4785', 393, 'TECNICO LABORAL EN AUXILIAR DE ENFERMERIA', 1, 'PRINCIPAL', 'AUX'),
('4547', 4472, 'TECNICO LABORAL EN AUXILIAR DE ENFERMERIA', 1, 'CENTRO DE PREVENCIÃ“N Y EDUCACIÃ“N EN SALUD - PREDESALUD PRINCIPAL', 'AUX'),
('4905', 4034, 'TECNICO LABORAL EN AUXILIAR DE ENFERMERIA', 1, 'ESCUELA DE SALUD SAN PEDRO CLAVER', 'AUX'),
('5010', 397, 'TECNICO LABORAL EN AUXILIAR DE ENFERMERIA', 1, 'PRINCIPAL', 'AUX'),
('4245', 6117, 'TECNICO LABORAL EN AUXILIAR DE ENFERMERIA', 1, 'CENTRO DE CAPACITACION EN SALUD UNISALUD LTDA', 'AUX'),
('4246', 6117, 'TECNICO LABORAL EN AUXILIAR DE SALUD ORAL', 1, 'CENTRO DE CAPACITACION EN SALUD UNISALUD LTDA', 'AUX'),
('19257', 6389, 'TECNICO LABORAL  POR COMPETENCIAS EN  AUXILIAR EN SALUD ORAL', 1, 'CAMPO ALTO ACESALUD S.A SEDE NUEVA  CALLE 65 SUR No. 77G 54', 'AUX'),
('16420', 6886, 'TECNICO LABORAL AUXILIAR EN SERVICIOS FARMACEUTICOS', 1, 'MEDISED INSTITUCION DE EDUCACION PARA EL TRABAJO Y EL DESARROLO TUNJUELITO', 'AUX'),
('19256', 6389, 'TECNICO LABORAL EN  LABORAL POR COMPETENCIAS EN  AUXILIAR EN ENFERMERIA', 1, 'CAMPO ALTO ACESALUD S.A SEDE NUEVA  CALLE 65 SUR No. 77G 54', 'AUX'),
('19260', 6389, 'TECNICO LABORAL EN  POR COMPETENCIAS EN  AUXILIAR EN SERVICIOS FARMACEUTICOS', 1, 'CAMPO ALTO ACESALUD S.A SEDE NUEVA  CALLE 65 SUR No. 77G 54', 'AUX'),
('4193', 4011, 'TECNICO LABORAL EN AUXILIAR ADMINISTRATIVO', 1, 'CAMPO ALTO', 'AUX'),
('4214', 269, 'AUXILIAR ADMINISTRATVO EN SALUD', 1, 'PRINCIPAL', 'AUX'),
('36368', 8298, 'TECNICO LABORAL EN AUXILIAR ADMINISTRATIVO EN SALUD', 1, 'ESCUELA DE SALUD DE BOGOTA', 'AUX'),
('40532', 8095, 'TÃ‰CNICO LABORAL EN AUXILIAR ADMINISTRATIVO EN SALUD', 1, 'BOGOTÃ', 'AUX'),
('5134', 155, 'TECNICO LABORAL EN AUXILIAR ADMINISTRATIVO EN SALUD', 1, 'INSTITUTO COLOMBIANO DE APRENDIZAJE INCAP', 'AUX'),
('32555', 6402, 'TECNICO LABORAL EN AUXILIAR ADMINISTRATIVO EN SALUD', 1, 'CAMPO ALTO ACESALUD', 'AUX'),
('42640', 9035, 'TÃ‰CNICO LABORAL EN AUXILIAR ADMINISTRATIVO EN SALUD', 1, 'BOGOTÃ', 'AUX'),
('32511', 6740, 'TECNICO LABORAL EN AUXILIAR ADMINISTRATIVO EN SALUD', 1, 'CAMPO ALTO ACESALUD S.A.', 'AUX'),
('18023', 7175, 'TECNICO LABORAL EN AUXILIAR ADMINISTRATIVO EN SALUD', 1, 'CAMPO ALTO ACESALUD S.A.', 'AUX'),
('16710', 6963, 'TECNICO LABORAL EN AUXILIAR ADMINISTRATIVO EN SALUD', 1, 'BARRIOS UINIDOS', 'AUX'),
('15650', 6738, 'TECNICO LABORAL EN AUXILIAR ADMINISTRATIVO EN SALUD', 1, 'ESCUELA DE ADMINISTRACIÃ“N Y FORMACIÃ“N EN SALUD \"ESAF', 'AUX'),
('32485', 283, 'TECNICO LABORAL EN AUXILIAR ADMINISTRATIVO EN SALUD', 1, 'INSTITUTO DE CAPACITACIÃ“N EMPRESARIAL INSCAP', 'AUX'),
('5498', 4581, 'AUXILIAR ADMINISTRATIVO EN SALUD', 1, 'FONTIBON', 'AUX'),
('4952', 4065, 'TECNICO LABORAL EN AUXILIAR ADMINISTRATIVO EN SALUD', 1, 'FUNDACION ESCUELA DE  CAPACITACION COLOMBIA-FUNCA', 'AUX'),
('5490', 4603, 'AUXILIAR ADMINISTRATIVO EN SALUD', 1, 'MEDISED INSTITUCION DE EDUCACION PARA EL TRABAJO Y EL DESARROLLO HUMANO', 'AUX'),
('16703', 5132, 'TECNICO LABORAL EN AUXILIAR ADMINISTRATIVO EN SALUD', 1, 'FUNDACION UNIVERSITARIA DEL AREA ANDINA', 'AUX'),
('15117', 117, 'TECNICO LABORAL EN AUXILIAR ADMINISTRATIVO EN SALUD', 1, 'PRINCIPAL', 'AUX'),
('14343', 1234, 'TECNICO LABORAL EN AUXILIAR ADMINISTRATIVO EN SALUD', 1, 'PRINCIPAL', 'AUX'),
('15118', 117, 'TECNICO LABORAL EN AUXILIAR DE ENFERMERIA', 1, 'PRINCIPAL', 'AUX'),
('32509', 6740, 'TECNICO LABORAL EN AUXILIAR DE SERVICIOS FARMACEUTICOS', 1, 'CAMPO ALTO ACESALUD S.A.', 'AUX'),
('4585', 2009, 'AUXILIAR DE ENFERMERIA', 1, 'PRINCIPAL', 'AUX'),
('33315', 7963, 'TECNICO LABORAL EN AUXILIAR EN ENFERMERIA', 1, 'AVENIDA CHILE', 'AUX'),
('35272', 8188, 'TECNICO LABORAL EN AUXILIAR EN ENFERMERIA', 1, 'POLITECNICO INTERNACIONAL - SEDE SUR', 'AUX'),
('36291', 8298, 'TECNICO LABORAL EN AUXILIAR EN ENFERMERIA', 1, 'ESCUELA DE SALUD DE BOGOTA', 'AUX'),
('40531', 8095, 'TÃ‰CNICO LABORAL EN AUXILIAR EN ENFERMERÃA', 1, 'BOGOTÃ', 'AUX'),
('4850', 278, 'AUXILIAR EN ENFERMERIA', 1, 'PRINCIPAL', 'AUX'),
('5135', 155, 'TECNICO LABORAL EN AUXILIAR EN ENFERMERÃA', 1, 'INSTITUTO COLOMBIANO DE APRENDIZAJE INCAP', 'AUX'),
('32548', 6402, 'TECNICO LABORAL EN AUXILIAR EN ENFERMERIA', 1, 'CAMPO ALTO ACESALUD', 'AUX'),
('4964', 1236, 'AUXILIAR EN ENFERMERIA,', 1, 'FEE ESTUDIO EMPRESARIAL - CRA 15 NÂ° 33A-32', 'AUX'),
('42637', 9035, 'TÃ‰CNICO LABORAL EN AUXILIAR EN ENFERMERÃA', 1, 'BOGOTÃ', 'AUX'),
('32510', 6740, 'TECNICO LABORAL EN AUXILIAR EN ENFERMERIA', 1, 'CAMPO ALTO ACESALUD S.A.', 'AUX'),
('16928', 7010, 'TECNICO LABORAL EN AUXILIAR EN ENFERMERIA', 1, 'BARRIOS UNIDOS', 'AUX'),
('18006', 7175, 'TECNICO LABORAL EN AUXILIAR EN ENFERMERIA', 1, 'CAMPO ALTO ACESALUD S.A.', 'AUX'),
('17168', 6966, 'TECNICO LABORAL EN AUXILIAR EN ENFERMERIA', 1, 'INSTITUCION EDUCATIVA PARA EL TRABAJO Y DESARROLLO HUMANO HOMI', 'AUX'),
('16712', 6963, 'TECNICO LABORAL EN AUXILIAR EN ENFERMERIA', 1, 'BARRIOS UINIDOS', 'AUX'),
('15647', 6738, 'TECNICO LABORAL EN AUXILIAR EN ENFERMERIA', 1, 'ESCUELA DE ADMINISTRACIÃ“N Y FORMACIÃ“N EN SALUD \"ESAF', 'AUX'),
('32482', 283, 'TECNICO LABORAL EN AUXILIAR EN ENFERMERIA', 1, 'INSTITUTO DE CAPACITACIÃ“N EMPRESARIAL INSCAP', 'AUX'),
('5500', 4581, 'AUXILIAR EN ENFERMERIA', 1, 'FONTIBON', 'AUX'),
('4953', 4065, 'TECNICO LABORAL EN AUXILIAR EN ENFERMERIA', 1, 'FUNDACION ESCUELA DE  CAPACITACION COLOMBIA-FUNCA', 'AUX'),
('34941', 4094, 'TECNICO LABORAL EN AUXILIAR EN ENFERMERIA', 1, 'CORPORACION IBEROAMERICANA DE ESTUDIOS CIES', 'AUX'),
('5220', 1379, 'AUXILIAR EN ENFERMERIA', 1, 'PRINCIPAL', 'AUX'),
('5491', 4603, 'AUXILIAR EN ENFERMERIA', 1, 'MEDISED INSTITUCION DE EDUCACION PARA EL TRABAJO Y EL DESARROLLO HUMANO', 'AUX'),
('43317', 5277, 'TÃ‰CNICO LABORAL EN AUXILIAR EN ENFERMERÃA', 1, 'BOGOTÃ', 'AUX'),
('4902', 1234, 'AUXILIAR DE ENFERMERIA POR COMPETENCIAS', 1, 'PRINCIPAL', 'AUX'),
('4918', 169, 'AUXILIAR DE ENFERMERIA', 1, 'PRINCIPAL', 'AUX'),
('4216', 269, 'AUXILIAR EN ENFERMERIA', 1, 'PRINCIPAL', 'AUX'),
('4282', 324, 'AUXILIAR EN ENFERMERIA', 1, 'PRINCIPAL', 'AUX'),
('4843', 948, 'AUXILIAR EN ENFERMERIA', 1, 'PRINCIPAL', 'AUX'),
('4218', 269, 'AUXILIAR EN SALUD ORAL', 1, 'PRINCIPAL', 'AUX'),
('32565', 6402, 'TECNICO LABORAL EN AUXILIAR EN SALUD ORAL', 1, 'CAMPO ALTO ACESALUD', 'AUX'),
('4966', 1236, 'AUXILIAR EN SALUD ORAL', 1, 'FEE ESTUDIO EMPRESARIAL - CRA 15 NÂ° 33A-32', 'AUX'),
('32513', 6740, 'TECNICO LABORAL EN AUXILIAR EN SALUD ORAL', 1, 'CAMPO ALTO ACESALUD S.A.', 'AUX'),
('5566', 4247, 'AUXILIAR EN SALUD ORAL', 1, 'PRINCIPAL', 'AUX'),
('4955', 4065, 'TECNICO LABORAL EN AUXILIAR EN SALUD ORAL', 1, 'FUNDACION ESCUELA DE  CAPACITACION COLOMBIA-FUNCA', 'AUX'),
('5221', 1379, 'AUXILIAR EN SALUD ORAL', 1, 'PRINCIPAL', 'AUX'),
('4580', 1177, 'AUXILIAR EN SALUD ORAL', 1, 'PRINCIPAL', 'AUX'),
('4903', 1234, 'AUXILIAR EN SALUD ORAL POR COMPETENCIAS', 1, 'PRINCIPAL', 'AUX'),
('5107', 117, 'AUXILIAR EN SALUD ORAL', 1, 'PRINCIPAL', 'AUX'),
('5492', 4603, 'AUXILIAR EN SALUD PUBLICA', 1, 'MEDISED INSTITUCION DE EDUCACION PARA EL TRABAJO Y EL DESARROLLO HUMANO', 'AUX'),
('36370', 8298, 'TECNICO LABORAL EN AUXILIAR EN SALUD PÃšBLICA', 1, 'ESCUELA DE SALUD DE BOGOTA', 'AUX'),
('32564', 6402, 'TECNICO LABORAL EN AUXILIAR EN SALUD PÃšBLICA', 1, 'CAMPO ALTO ACESALUD', 'AUX'),
('42639', 9035, 'TÃ‰CNICO LABORAL EN AUXILIAR EN SALUD PÃšBLICA', 1, 'BOGOTÃ', 'AUX'),
('32512', 6740, 'TECNICO LABORAL EN AUXILIAR EN SALUD PÃšBLICA', 1, 'CAMPO ALTO ACESALUD S.A.', 'AUX'),
('18028', 7175, 'TECNICO LABORAL EN AUXILIAR EN SALUD PÃšBLICA', 1, 'CAMPO ALTO ACESALUD S.A.', 'AUX'),
('15649', 6738, 'TECNICO LABORAL EN AUXILIAR EN SALUD PÃšBLICA', 1, 'ESCUELA DE ADMINISTRACIÃ“N Y FORMACIÃ“N EN SALUD \"ESAF', 'AUX'),
('5501', 4581, 'AUXILIAR EN SALUD PÃšBLICA', 1, 'FONTIBON', 'AUX'),
('4954', 4065, 'TECNICO LABORAL EN AUXILIAR EN SALUD PÃšBLICA', 1, 'FUNDACION ESCUELA DE  CAPACITACION COLOMBIA-FUNCA', 'AUX'),
('16711', 6963, 'TECNICO LABORAL EN AUXILIAR EN SERVICIOS FARMACEUTICOS', 1, 'BARRIOS UINIDOS', 'AUX'),
('4220', 269, 'AUXILIAR EN SERVICIOS FARMACEUTICOS', 1, 'PRINCIPAL', 'AUX'),
('36369', 8298, 'TECNICO LABORAL EN AUXILIAR EN SERVICIOS FARMACÃ‰UTICOS', 1, 'ESCUELA DE SALUD DE BOGOTA', 'AUX'),
('40533', 8095, 'TÃ‰CNICO LABORAL EN AUXILIAR EN SERVICIOS FARMACÃ‰UTICOS', 1, 'BOGOTÃ', 'AUX'),
('5136', 155, 'TECNICO LABORAL EN AUXILIAR EN SERVICIOS FARMACÃ‰UTICOS', 1, 'INSTITUTO COLOMBIANO DE APRENDIZAJE INCAP', 'AUX'),
('32549', 6402, 'TECNICO LABORAL EN AUXILIAR EN SERVICIOS FARMACÃ‰UTICOS', 1, 'BOGOTÃ', 'AUX'),
('4959', 1236, 'AUXILIAR EN SERVICIOS FARMACEUTICOS', 1, 'FEE ESTUDIO EMPRESARIAL - CRA 15 NÂ° 33A-32', 'AUX'),
('42638', 9035, 'TÃ‰CNICO LABORAL EN AUXILIAR EN SERVICIOS FARMACÃ‰UTICOS', 1, 'BOGOTÃ', 'AUX'),
('18022', 7175, 'TECNICO LABORAL EN AUXILIAR EN SERVICIOS FARMACÃ‰UTICOS', 1, 'CAMPO ALTO ACESALUD S.A.', 'AUX'),
('4247', 6117, 'TECNICO LABORAL EN SERVICIOS FARMACEUTICOS', 1, 'CENTRO DE CAPACITACION EN SALUD UNISALUD LTDA', 'AUX'),
('15648', 6738, 'TECNICO LABORAL EN AUXILIAR EN SERVICIOS FARMACÃ‰UTICOS', 1, 'ESCUELA DE ADMINISTRACIÃ“N Y FORMACIÃ“N EN SALUD \"ESAF', 'AUX'),
('5502', 4581, 'AUXILIAR EN SERVICIOS FARMACEUTICOS', 1, 'FONTIBON', 'AUX'),
('5493', 4603, 'AUXILIAR EN SERVICIOS FARMACEUTICOS', 1, 'MEDISED INSTITUCION DE EDUCACION PARA EL TRABAJO Y EL DESARROLLO HUMANO', 'AUX'),
('39439', 4472, 'TÃ‰CNICO LABORAL EN AUXILIAR EN SERVICIOS FARMACÃ‰UTICOS', 1, 'BOGOTÃ', 'AUX'),
('4904', 1234, 'AUXILIAR EN SERVICIOS FARMACEUTICOS POR COMPETENCIAS', 1, 'PRINCIPAL', 'AUX'),
('4956', 4065, 'TÃ‰CNICO LABORAL EN SERVICIOS FARMACEUTICOS', 1, 'BOGOTÃ', 'AUX'),
('19259', 6389, 'TECNICO LABORAL POR COMPETENCIAS EN  AUXILIAR ADMINISTRATIVO EN SALUD', 1, 'CAMPO ALTO ACESALUD S.A SEDE NUEVA  CALLE 65 SUR No. 77G 54', 'AUX'),
('33006', 4472, 'TECNICO LABORAL POR COMPETENCIAS EN AUXILIAR ADMINISTRATIVO EN SALUD', 1, 'CENTRO DE PREVENCIÃ“N Y EDUCACIÃ“N EN SALUD - PREDESALUD PRINCIPAL', 'AUX'),
('19258', 6389, 'TECNICO LABORAL POR COMPETENCIAS EN AUXILIAR EN SALUD PUBLICA', 1, 'CAMPO ALTO ACESALUD S.A SEDE NUEVA  CALLE 65 SUR No. 77G 54', 'AUX'),
('5199', 398, 'TECNICO AUXILIAR EN SALUD ORAL', 1, 'PRINCIPAL', 'AUX'),
('3274', 2102, 'PSICOLOGIA', 1, 'UNIVERSIDAD NACIONAL ABIERTA Y A DISTANCIA UNAD', 'UNV'),
('2775', 2102, 'TECNOLOGIA EN REGENCIA DE FARMACIA', 1, 'UNIVERSIDAD NACIONAL ABIERTA Y A DISTANCIA UNAD', 'TEC'),
('14', 1101, 'PSICOLOGIA', 1, 'UNIVERSIDAD NACIONAL DE COLOMBIA', 'UNV'),
('1053', 1703, 'PSICOLOGIA', 1, 'UNIVERSIDAD INCCA DE COLOMBIA', 'UNV'),
('1078', 1704, 'PSICOLOGIA', 1, 'UNIVERSIDAD SANTO TOMAS', 'UNV'),
('12046', 1706, 'PSICOLOGIA', 1, 'UNIVERSIDAD EXTERNADO DE COLOMBIA', 'UNV'),
('5132', 1718, 'PSICOLOGIA', 1, 'UNIVERSIDAD DE SAN BUENAVENTURA', 'UNV'),
('1380', 1719, 'PSICOLOGIA', 1, 'UNIVERSIDAD CATOLICA DE COLOMBIA', 'UNV'),
('103433', 1728, 'PSICOLOGIA', 1, 'UNIVERSIDAD SERGIO ARBOLEDA', 'UNV'),
('2692', 1729, 'PSICOLOGIA', 1, 'UNIVERSIDAD EL BOSQUE', 'UNV'),
('5285', 1735, 'PSICOLOGIA', 1, 'UNIVERSIDAD MANUELA BELTRAN-UMB-', 'UNV'),
('14712', 1735, 'PSICOLOGIA', 1, 'UNIVERSIDAD MANUELA BELTRAN-UMB-', 'UNV'),
('21368', 1735, 'PSICOLOGIA', 1, 'UNIVERSIDAD MANUELA BELTRAN-UMB-', 'UNV'),
('1532', 1813, 'PSICOLOGIA', 1, 'UNIVERSIDAD DE LOS ANDES', 'UNV'),
('3888', 1815, 'PSICOLOGIA', 1, 'CORPORACION UNIVERSIDAD PILOTO DE COLOMBIA', 'UNV'),
('4064', 1818, 'PSICOLOGIA', 1, 'UNIVERSIDAD COOPERATIVA DE COLOMBIA', 'UNV'),
('2533', 1826, 'PSICOLOGIA', 1, 'UNIVERSIDAD ANTONIO NARIÃ‘O', 'UNV'),
('2829', 1826, 'PSICOLOGIA', 1, 'UNIVERSIDAD ANTONIO NARIÃ‘O', 'UNV'),
('16242', 1826, 'PSICOLOGIA', 1, 'UNIVERSIDAD ANTONIO NARIÃ‘O', 'UNV'),
('1838', 2712, 'PSICOLOGIA', 1, 'FUNDACION UNIVERSITARIA KONRAD LORENZ', 'UNV'),
('3679', 2713, 'PSICOLOGIA', 1, 'FUNDACION UNIVERSITARIA LOS LIBERTADORES', 'UNV'),
('9277', 2713, 'PSICOLOGIA', 1, 'FUNDACION UNIVERSITARIA LOS LIBERTADORES', 'UNV'),
('51788', 2719, 'PSICOLOGIA', 1, 'UNIVERSIDAD CATÃ“LICA LUIS AMIGÃ“-FUNLAM', 'UNV'),
('16017', 2725, 'PSICOLOGIA', 1, 'POLITECNICO GRANCOLOMBIANO', 'UNV'),
('102607', 2728, 'PSICOLOGIA', 1, 'FUNDACION UNIVERSITARIA DEL AREA ANDINA', 'UNV'),
('104286', 9899, 'PSICOLOGIA', 1, 'INSTITUCION UNIVERSITARIA DE COLOMBIA - UNIVERSITARIA DE COLOMBIA', 'UNV'),
('54933', 2829, 'PSICOLOGIA', 1, 'CORPORACION UNIVERSITARIA MINUTO DE DIOS -UNIMINUTO-', 'UNV'),
('101659', 1117, 'TECNOLOGO EN ATENCIÃ“N PREHOSPITALARIA', 1, 'BOGOTÃ D.C.', 'TEC'),
('53630', 2746, 'PSICOLOGIA', 1, 'FUNDACION UNIVERSITARIA SANITAS', 'UNV'),
('4523', 327, 'AUXILIAR DE ENFERMERIA', 1, 'CENCADENT SEDE 1 AV 39 NO 15 - 18/22', 'AUX'),
('54480', 2733, 'PSICOLOGIA', 1, 'FUNDACIÃ“N UNIVERSITARIA SAN ALFONSO- FUSA-', 'UNV'),
('13132', 367, 'AUXILIAR EN ENFERMERÃA', 1, 'BOGOTA D.C', 'AUX'),
('4915', 4896, 'TECNICO LABORAL AUXILIAR EN ENFERMERIA', 1, 'ESCUELA  ODONTOMEDICA', 'AUX'),
('4917', 4896, 'TECNICO LABORAL AUXILIAR EN SERVICIOS FARMACEUTICOS', 1, 'ESCUELA  ODONTOMEDICA', 'AUX'),
('4916', 4896, 'TECNICO LABORAL AUXILIAR EN SALUD ORAL', 1, 'ESCUELA  ODONTOMEDICA', 'AUX'),
('3808', 2206, 'TECNÃ“LOGO EN REGENCIA DE FARMACIA', 1, 'BOGOTÃ D.C', 'TEC'),
('4526', 327, 'AUXILIAR EN SERVICIOS FARMACEUTICOS', 1, 'CENCADENT SEDE 2 Av caracas No 40A -93', 'AUX'),
('4525', 327, 'AUXILIAR EN SALUD ORAL', 1, 'CENCADENT PRINCIPAL Av Caracas No 39 -43/47 piso 2Â°', 'AUX'),
('4849', 278, 'AUXILIAR ADMINISTRATIVO EN SALUD', 1, 'PRINCIPAL', 'AUX'),
('741', 74, 'PSICOLOGIA', 1, 'VENEZUELA', 'UNV'),
('731', 73, 'PSICOLOGIA', 1, 'EXTRANJERO', 'UNV'),
('721', 72, 'PSICOLOGIA', 1, 'VENEZUELA', 'UNV'),
('MSPS902', 874, 'AUXILIAR DE HIGIENE ORAL', 0, 'PRINCIPAL', 'AUX'),
('4747', 5374, 'AUXILIAR EN SALUD PÃšBLICA', 1, 'PRINCIPAL', 'AUX'),
('4748', 5374, 'AUXILIAR EN SERVICIOS FARMACEUTICOS', 1, 'PRINCIPAL', 'AUX'),
('4746', 5374, 'AUXILIAR EN SALUD ORAL', 1, 'PRINCIPAL', 'AUX'),
('4745', 5374, 'AUXILIAR EN ENFERMERIA', 1, 'PRINCIPAL', 'AUX'),
('4744', 5374, 'AUXILIAR ADMINISTRATIVO EN SALUD', 1, 'PRINCIPAL', 'AUX'),
('4201', 4011, 'AUXILIAR EN SALUD PUBLICA POR COMPETENCIAS', 1, 'CAMPO ALTO', 'AUX'),
('4198', 4011, 'TECNICO LABORAL EN AUXILIAR EN ENFERMERIA', 1, 'CAMPO ALTO', 'AUX'),
('4199', 4011, 'TECNICO LABORAL EN AUXILIAR EN SALUD ORAL', 1, 'CAMPO ALTO', 'AUX'),
('4202', 4011, 'TECNICO LABORAL EN AUXILIAR EN SERVICIOS FARMACEUTICOS', 1, 'CAMPO ALTO', 'AUX'),
('MSPS901', 269, 'AUXILIAR DE DROGUERIA', 0, 'CAMPO ALTO ACESALUD S.A.', 'AUX'),
('4219', 269, 'AUXILIAR EN SALUD PUBLICA', 1, 'PRINCIPAL', 'AUX'),
('MSPS900', 75, 'AUXILIAR DE CONSULTORIO ODONTOLOGICO', 0, 'CENTRO DE CAPACITACIÃ“N EN SALUD UNISALUD LTDA.', 'AUX'),
('MSPS012', 25100002, 'AUXILIAR DE ENFERMERIA', 1, 'CENTRO DE EDUCACIÃ“N EN SALUD DEL MAGDALENA CESMAG GABRIEL ANGULO', 'AUX'),
('MSPS025', 25100005, 'AUXILIAR DE ENFERMERIA', 1, 'CENTRO DE EDUCACION NO FORMAL E INTEGRAL EN SALUD CEIS EMPRESA ASOCIATIVA DE TRABAJO', 'AUX'),
('MSPS018', 25100007, 'AUXILIAR EN ENFERMERIA', 1, 'CENTRO DE JUVENTUDES PARA LA SALUD HERMANAS JUANISTAS', 'AUX'),
('16010', 1714, 'PSICOLOGIA', 1, 'COLEGIO MAYOR DE NUESTRA SEÃ‘ORA DEL ROSARIO', 'UNV'),
('MSPS024', 5072, 'TECNICO EN AUXILIAR DE LABORATORIO', 0, 'CORPORACION ASMEDAS MAGDALENA - SS - ASMEMAG', 'AUX'),
('MSPS010', 490, 'AUXILIAR DE ENFERMERIA', 1, 'CORPORACION DE EDUCACION SAN JORGE CESCO', 'AUX'),
('104727', 9903, 'TECNOLOGIA EN REGENCIA DE FARMACIA', 1, 'CORPORACION DE EDUCACION TECNOLOGICA COLSUBSIDIO- AIRBUS GROUP', 'TEC'),
('MSPS014', 8460, 'AUXILIAR DE DROGUERIA', 0, 'CORPORACIÃ’N EDUCATIVA INSALUD', 'AUX'),
('15598', 3808, 'TECNOLOGIA EN REGENCIA DE FARMACIA', 1, 'CORPORACION TECNOLOGICA DE BOGOTA - CTB -', 'TEC'),
('2206', 3808, 'TECNOLOGIA EN REGENCIA DE FARMACIA', 1, 'CORPORACION TECNOLOGICA DE BOGOTA - CTB -', 'TEC'),
('12910', 1815, 'PSICOLOGIA EMPRESARIAL', 1, 'CORPORACION UNIVERSIDAD PILOTO DE COLOMBIA', 'UNV'),
('106864', 2848, 'PSICOLOGIA', 1, 'CORPORACION UNIVERSITARIA  UNITEC', 'UNV'),
('13568', 2830, 'PSICOLOGIA', 1, 'CORPORACION UNIVERSITARIA IBEROAMERICANA', 'UNV'),
('MSPS039', 25100010, 'AUXILIAR DE ENFERMERIA', 1, 'DEPARTAMENTO ADMINISTRATIVO DE SALUD DE CORDOBA', 'AUX'),
('MSPS903', 25100903, 'TECNICO LABORAL EN AUXILIAR DE ENFERMERIA', 1, 'ESCUELA DE AUXILIARES DE ENFERMERIA \"CEMCA\"', 'AUX'),
('MSPS045', 25100016, 'AUXILIAR DE ENFERMERIA', 1, 'ESCUELA DE AUXILIARES DE ENFERMERÃA DE TUNJA', 'AUX'),
('4803', 1618, 'TECNICO LABORAL EN AUXILIAR ADMINISTRATIVO EN SALUD', 1, 'PRINCIPAL', 'AUX'),
('4804', 1618, 'TECNICO LABORAL EN AUXILIAR EN SALUD PUBLICA', 1, 'PRINCIPAL', 'AUX'),
('MSPS015', 105, 'AUXILIAR DE ENFERMERIA', 1, 'ESCUELA DE PROGRAMAS TÃ‰CNICOS CEDEP', 'AUX'),
('4906', 4034, 'TECNICO LABORAL EN SALUD ORAL', 1, 'ESCUELA DE SALUD SAN PEDRO CLAVER', 'AUX'),
('4919', 362, 'AUXILIAR EN ENFERMERIA', 1, 'PRINCIPAL', 'AUX'),
('4920', 362, 'AUXILIAR EN SALUD ORAL', 1, 'PRINCIPAL', 'AUX'),
('4957', 975, 'AUXILIAR ADMINISTRATIVO EN SALUD', 1, 'SEDE', 'AUX'),
('4963', 975, 'AUXILIAR EN ENFERMERIA', 1, 'SEDE', 'AUX'),
('4965', 975, 'AUXILIAR EN SALUD ORAL', 1, 'SEDE', 'AUX'),
('4967', 975, 'AUXILIAR EN SALUD PUBLICA.', 1, 'SEDE', 'AUX'),
('4968', 975, 'AUXILIAR EN SERVICIOS FARMACEUTICOS', 1, 'SEDE', 'AUX'),
('102468', 9131, 'PSICOLOGIA', 1, 'FUNDACIÃ“N UNIVERSITARIA CERVANTES SAN AGUSTÃN', 'UNV'),
('MSPS009', 25100001, 'AUXILIAR DE ENFERMERIA', 1, 'FUNDACIÃ“N INSTITUCIONAL TÃ‰CNICA DE CÃ“RDOBA FUINSTECOR', 'AUX'),
('MSPS033', 7413, 'AUXILIAR DE ENFERMERIA', 1, 'FUNDACIÃ“N MEDITERRÃNEO', 'AUX'),
('MSPS027', 6366, 'AUXILIAR DE ENFERMERIA', 1, 'FUNDACION NACIONAL CENTRO DE CAPACITACION EN ATENCION PREHORPITALARIA FUNAP CC', 'AUX'),
('55035', 2702, 'PSICOLOGIA', 1, 'FUNDACION UNIVERSITARIA DE CIENCIAS DE LA SALUD', 'UNV'),
('4937', 2702, 'TECNOLOGIA EN CITOHISTOLOGIA', 1, 'FUNDACION UNIVERSITARIA DE CIENCIAS DE LA SALUD', 'TEC'),
('12960', 2709, 'PSICOLOGIA', 1, 'FUNDACION UNIVERSITARIA SAN MARTIN', 'UNV'),
('MSPS034', 25100004, 'AUXILIAR DE ENFERMERIA', 1, 'INSTITUCION PARA EL TRABAJO Y DESARROLLO HUMANO ESCUELA DE AUXILIARES DE ENFERMERIA HUMANAR SALUD', 'AUX'),
('5141', 191, 'TECNICO AUXILIAR EN ENFERMERIA', 1, 'PRINCIPAL', 'AUX'),
('MSPS026', 25100006, 'AUXILIAR DE ENFERMERIA', 1, 'INSTITUTO DE EDUCACION NO FORMAL PARA CAPACITACION Y DESARROLLO HUMANO EN SALUD FUNDACION JACINTO MOSQUERA Y FIGUEROA', 'AUX'),
('5251', 367, 'AUXILIAR ADMINISTRATIVO EN SALUD', 1, 'PRINCIPAL', 'AUX'),
('5253', 367, 'AUXILIAR EN SALUD ORAL', 1, 'PRINCIPAL', 'AUX'),
('5254', 367, 'AUXILIAR EN SERVICIOS FARMACEUTICOS', 1, 'PRINCIPAL', 'AUX'),
('MSPS042', 25100013, 'AUXILIAR DE DROGUERIA', 0, 'INSTITUTO INTERMEDICA', 'AUX'),
('MSPS041', 25100012, 'AUXILIAR DE ENFERMERIA', 1, 'INSTITUTO INTERMEDICA', 'AUX'),
('MSPS043', 25100014, 'AUXILIAR DE HIGIENE ORAL', 0, 'INSTITUTO INTERMEDICA', 'AUX'),
('MSPS016', 25100003, 'AUXILIAR DE ENFERMERIA', 1, 'INSTITUTO NACIONAL DE EDUCACIÃ“N Y CAPACITACIÃ“N INEC', 'AUX'),
('16713', 5159, 'TECNICO LABORAL EN AUXILIAR EN ENFERMERIA', 1, 'INSTITUTO SANTAFE DE BOGOTA', 'AUX'),
('MSPS017', 559, 'AUXILIAR DE ENFERMERIA', 1, 'INSTITUTO TECNICO CARL ROS', 'AUX'),
('MSPS019', 25100008, 'AUXILIAR DE DROGUERIA', 0, 'INSTITUTO TÃ‰CNICO DEL NORTE ITN', 'AUX'),
('MSPS046', 25100017, 'AUXILIAR DE ENFERMERIA', 1, 'INSTITUTO UNIVERSITARIO DE COLOMBIA', 'AUX'),
('MSPS023', 3552, 'AUXILIAR DE DROGUERIA', 0, 'LA CORPORACIÃ’N DE ESTUDIOS TECNICOS OCUPACIONAL SISTEMATIZADA - CETECOS', 'AUX'),
('MSPS013', 6110, 'AUXILIAR DE HIGIENE ORAL', 0, 'MULTITECNICO COLOMBIANO ECO', 'AUX'),
('8338', 3737, 'TECNICO LABORAL EN AUXILIAR EN ENFERMERIA', 1, 'POLITECNICO NACIONAL', 'AUX'),
('950', 1701, 'PSICOLOGIA', 1, 'PONTIFICIA UNIVERSIDAD JAVERIANA', 'UNV'),
('2728', 105739, 'PSICOLOGÃA', 1, 'FUNDACIÃ“N UNIVERSITARIA DEL ÃREA ANDINA\r\n', 'UNV'),
('MSPS021', 9110, 'AUXILIAR DE DROGUERÃA', 0, 'SERVICIO NACIONAL DE APRENDIZAJE-SENA-\r\n', 'AUX'),
('MSPS032', 9110, 'AUXILIAR DE HIGIENE ORAL', 0, 'SERVICIO NACIONAL DE APRENDIZAJE-SENA-', 'AUX'),
('MSPS008', 9110, 'TÃ‰CNICO PROFESIONAL EN ATENCIÃ“N PREHOSPITALARIA', 1, 'SERVICIO NACIONAL DE APRENDIZAJE-SENA-', 'TCP'),
('MSPS022', 9110, 'TÃ‰CNICO PROFESIONAL EN SERVICIOS FARMACEUTICOS', 0, 'SERVICIO NACIONAL DE APRENDIZAJE-SENA-', 'TCP'),
('MSPS020', 9110, 'TECNOLOGO EN IMÃGENES DIAGNOSTICAS', 1, 'SERVICIO NACIONAL DE APRENDIZAJE-SENA-', 'TEC'),
('13450786405', 11110011, 'AUXILIAR EN APOYO ADMINISTRATIVO EN SALUD', 1, 'DIRECCIÃ“N GENERAL', 'AUX'),
('33112084289', 11110011, 'AUXILIAR EN ENFERMERIA', 1, 'DIRECCIÃ“N GENERAL', 'AUX'),
('322201146', 11110011, 'AUXILIAR EN SALUD ORAL', 1, 'DIRECCIÃ“N GENERAL', 'AUX'),
('33130869883', 11110011, 'AUXILIAR EN SALUD PUBLICA', 1, 'DIRECCIÃ“N GENERAL', 'AUX'),
('33150580205', 11110011, 'AUXILIAR EN SERVICIOS FARMACEUTICOS', 1, 'DIRECCIÃ“N GENERAL', 'AUX'),
('13450786405', 11110011101, 'AUXILIAR EN APOYO ADMINISTRATIVO EN SALUD', 1, 'TECNOPARQUE I', 'AUX'),
('33112084289', 11110011101, 'AUXILIAR EN ENFERMERIA', 1, 'TECNOPARQUE I', 'AUX'),
('322201146', 11110011101, 'AUXILIAR EN SALUD ORAL', 1, 'TECNOPARQUE I', 'AUX'),
('33130869883', 11110011101, 'AUXILIAR EN SALUD PUBLICA', 1, 'TECNOPARQUE I', 'AUX'),
('33150580205', 11110011101, 'AUXILIAR EN SERVICIOS FARMACEUTICOS', 1, 'TECNOPARQUE I', 'AUX'),
('13450786405', 11110019209, 'AUXILIAR EN APOYO ADMINISTRATIVO EN SALUD', 1, 'CENTRO DE TECNOLOGIAS PARA LA CONSTRUCCION Y LA MADERA', 'AUX'),
('33112084289', 11110019209, 'AUXILIAR EN ENFERMERIA', 1, 'CENTRO DE TECNOLOGIAS PARA LA CONSTRUCCION Y LA MADERA', 'AUX'),
('322201146', 11110019209, 'AUXILIAR EN SALUD ORAL', 1, 'CENTRO DE TECNOLOGIAS PARA LA CONSTRUCCION Y LA MADERA', 'AUX'),
('33130869883', 11110019209, 'AUXILIAR EN SALUD PUBLICA', 1, 'CENTRO DE TECNOLOGIAS PARA LA CONSTRUCCION Y LA MADERA', 'AUX'),
('33150580205', 11110019209, 'AUXILIAR EN SERVICIOS FARMACEUTICOS', 1, 'CENTRO DE TECNOLOGIAS PARA LA CONSTRUCCION Y LA MADERA', 'AUX'),
('13450786405', 11110019210, 'AUXILIAR EN APOYO ADMINISTRATIVO EN SALUD', 1, 'CENTRO DE ELECTRICIDAD ELECTRONICA Y TELECOMUNICACIONES', 'AUX'),
('33112084289', 11110019210, 'AUXILIAR EN ENFERMERIA', 1, 'CENTRO DE ELECTRICIDAD ELECTRÃ“NICA Y TELECOMUNICACIONES', 'AUX'),
('33130869883', 11110019210, 'AUXILIAR EN SALUD PUBLICA', 1, 'CENTRO DE ELECTRICIDAD ELECTRÃ“NICA Y TELECOMUNICACIONES', 'AUX'),
('33150580205', 11110019210, 'AUXILIAR EN SERVICIOS FARMACEUTICOS', 1, 'CENTRO DE ELECTRICIDAD ELECTRONICA Y TELECOMUNICACIONES', 'AUX'),
('13450786405', 11110019211, 'AUXILIAR EN APOYO ADMINISTRATIVO EN SALUD', 1, 'CENTRO DE GESTION INDUSTRIAL', 'AUX'),
('33112084289', 11110019211, 'AUXILIAR EN ENFERMERIA', 1, 'CENTRO DE GESTION INDUSTRIAL', 'AUX'),
('322201146', 11110019211, 'AUXILIAR EN SALUD ORAL', 1, 'CENTRO DE GESTION INDUSTRIAL', 'AUX'),
('33130869883', 11110019211, 'AUXILIAR EN SALUD PUBLICA', 1, 'CENTRO DE GESTION INDUSTRIAL', 'AUX'),
('33150580205', 11110019211, 'AUXILIAR EN SERVICIOS FARMACEUTICOS', 1, 'CENTRO DE GESTION INDUSTRIAL', 'AUX'),
('13450786405', 11110019212, 'AUXILIAR EN APOYO ADMINISTRATIVO EN SALUD', 1, 'CENTRO DE MANUFACTURA EN TEXTILES Y CUERO', 'AUX'),
('33112084289', 11110019212, 'AUXILIAR EN ENFERMERIA', 1, 'CENTRO DE MANUFACTURA EN TEXTILES Y CUERO', 'AUX'),
('322201146', 11110019212, 'AUXILIAR EN SALUD ORAL', 1, 'CENTRO DE MANUFACTURA EN TEXTILES Y CUERO', 'AUX'),
('33130869883', 11110019212, 'AUXILIAR EN SALUD PUBLICA', 1, 'CENTRO DE MANUFACTURA EN TEXTILES Y CUERO\r\n', 'AUX'),
('33150580205', 11110019212, 'AUXILIAR EN SERVICIOS FARMACEUTICOS', 1, 'CENTRO DE MANUFACTURA EN TEXTILES Y CUERO', 'AUX'),
('13450786405', 11110019213, 'AUXILIAR EN APOYO ADMINISTRATIVO EN SALUD', 1, 'CENTRO DE TECNOLOGIAS DEL TRANSPORTE', 'AUX'),
('33112084289', 11110019213, 'AUXILIAR EN ENFERMERIA', 1, 'CENTRO DE TECNOLOGIAS DEL TRANSPORTE', 'AUX'),
('322201146', 11110019213, 'AUXILIAR EN SALUD ORAL', 1, 'CENTRO DE TECNOLOGIAS DEL TRANSPORTE', 'AUX'),
('33130869883', 11110019213, 'AUXILIAR EN SALUD PUBLICA', 1, 'CENTRO DE TECNOLOGIAS DEL TRANSPORTE', 'AUX'),
('33150580205', 11110019213, 'AUXILIAR EN SERVICIOS FARMACEUTICOS', 1, 'CENTRO DE TECNOLOGIAS DEL TRANSPORTE', 'AUX'),
('13450786405', 11110019214, 'AUXILIAR EN APOYO ADMINISTRATIVO EN SALUD', 1, 'CENTRO METALMECANICO', 'AUX'),
('33112084289', 11110019214, 'AUXILIAR EN ENFERMERIA', 1, 'CENTRO METALMECANICO', 'AUX'),
('322201146', 11110019214, 'AUXILIAR EN SALUD ORAL', 1, 'CENTRO METALMECANICO', 'AUX'),
('33130869883', 11110019214, 'AUXILIAR EN SALUD PUBLICA', 1, 'CENTRO METALMECANICO', 'AUX'),
('33150580205', 11110019214, 'AUXILIAR EN SERVICIOS FARMACEUTICOS', 1, 'CENTRO METALMECANICO', 'AUX'),
('13450786405', 11110019215, 'AUXILIAR EN APOYO ADMINISTRATIVO EN SALUD', 1, 'CENTRO DE MATERIALES Y ENSAYOS', 'AUX'),
('33112084289', 11110019215, 'AUXILIAR EN ENFERMERIA', 1, 'CENTRO DE MATERIALES Y ENSAYOS', 'AUX'),
('322201146', 11110019215, 'AUXILIAR EN SALUD ORAL', 1, 'CENTRO DE MATERIALES Y ENSAYOS', 'AUX'),
('33130869883', 11110019215, 'AUXILIAR EN SALUD PUBLICA', 1, 'CENTRO DE MATERIALES Y ENSAYOS', 'AUX'),
('33150580205', 11110019215, 'AUXILIAR EN SERVICIOS FARMACEUTICOS', 1, 'CENTRO DE MATERIALES Y ENSAYOS', 'AUX'),
('13450786405', 11110019216, 'AUXILIAR EN APOYO ADMINISTRATIVO EN SALUD', 1, 'CENTRO DE DISENO Y METROLOGIA', 'AUX'),
('33112084289', 11110019216, 'AUXILIAR EN ENFERMERIA', 1, 'CENTRO DE DISENO Y METROLOGIA', 'AUX'),
('322201146', 11110019216, 'AUXILIAR EN SALUD ORAL', 1, 'CENTRO DE DISENO Y METROLOGIA', 'AUX'),
('33130869883', 11110019216, 'AUXILIAR EN SALUD PUBLICA', 1, 'CENTRO DE DISENO Y METROLOGIA', 'AUX'),
('33150580205', 11110019216, 'AUXILIAR EN SERVICIOS FARMACEUTICOS', 1, 'CENTRO DE DISENO Y METROLOGIA', 'AUX'),
('13450786405', 11110019217, 'AUXILIAR EN APOYO ADMINISTRATIVO EN SALUD', 1, 'CENTRO PARA LA INDUSTRIA DE LA COMUNICACION GRAFICA', 'AUX'),
('33112084289', 11110019217, 'AUXILIAR EN ENFERMERIA', 1, 'CENTRO PARA LA INDUSTRIA DE LA COMUNICACION GRAFICA', 'AUX'),
('322201146', 11110019217, 'AUXILIAR EN SALUD ORAL', 1, 'CENTRO PARA LA INDUSTRIA DE LA COMUNICACION GRAFICA', 'AUX'),
('33130869883', 11110019217, 'AUXILIAR EN SALUD PUBLICA', 1, 'CENTRO PARA LA INDUSTRIA DE LA COMUNICACION GRAFICA', 'AUX'),
('33150580205', 11110019217, 'AUXILIAR EN SERVICIOS FARMACEUTICOS', 1, 'CENTRO PARA LA INDUSTRIA DE LA COMUNICACION GRAFICA', 'AUX'),
('13450786405', 11110019303, 'AUXILIAR EN APOYO ADMINISTRATIVO EN SALUD', 1, 'CENTRO DE GESTION DE MERCADOS LOGISTICA Y TECNOLOGIAS DE LA INFORMACION', 'AUX'),
('33112084289', 11110019303, 'AUXILIAR EN ENFERMERIA', 1, 'CENTRO DE GESTIÃ“N DE MERCADOS LOGISTICA Y TECNOLOGIAS DE LA INFORMACION', 'AUX'),
('322201146', 11110019303, 'AUXILIAR EN SALUD ORAL', 1, 'CENTRO DE GESTION DE MERCADOS LOGISTICA Y TECNOLOGIAS DE LA INFORMACION', 'AUX'),
('33130869883', 11110019303, 'AUXILIAR EN SALUD PUBLICA', 1, 'CENTRO DE GESTION DE MERCADOS LOGISTICA Y TECNOLOGIAS DE LA INFORMACION', 'AUX'),
('33150580205', 11110019303, 'AUXILIAR EN SERVICIOS FARMACEUTICOS', 1, 'CENTRO DE GESTION DE MERCADOS LOGISTICA Y TECNOLOGIAS DE LA INFORMACION', 'AUX'),
('13450786405', 11110019403, 'AUXILIAR EN APOYO ADMINISTRATIVO EN SALUD', 1, 'CENTRO DE FORMACION DE TALENTO HUMANO EN SALUD', 'AUX'),
('33112084289', 11110019403, 'AUXILIAR EN ENFERMERIA', 1, 'CENTRO DE FORMACION DE TALENTO HUMANO EN SALUD', 'AUX'),
('322201146', 11110019403, 'AUXILIAR EN SALUD ORAL', 1, 'CENTRO DE FORMACION DE TALENTO HUMANO EN SALUD', 'AUX'),
('33130869883', 11110019403, 'AUXILIAR EN SALUD PUBLICA', 1, 'CENTRO DE FORMACION DE TALENTO HUMANO EN SALUD', 'AUX'),
('33150580205', 11110019403, 'AUXILIAR EN SERVICIOS FARMACEUTICOS', 1, 'CENTRO DE FORMACION DE TALENTO HUMANO EN SALUD', 'AUX'),
('13450786405', 11110019404, 'AUXILIAR EN APOYO ADMINISTRATIVO EN SALUD', 1, 'CENTRO DE GESTION ADMINISTRATIVA', 'AUX'),
('33112084289', 11110019404, 'AUXILIAR EN ENFERMERIA', 1, 'SERVICIO NACIONAL DE APRENDIZAJE-SENA-', 'AUX'),
('322201146', 11110019404, 'AUXILIAR EN SALUD ORAL', 1, 'CENTRO DE GESTION ADMINISTRATIVA', 'AUX'),
('33130869883', 11110019404, 'AUXILIAR EN SALUD PUBLICA', 1, 'CENTRO DE GESTION ADMINISTRATIVA', 'AUX'),
('33150580205', 11110019404, 'AUXILIAR EN SERVICIOS FARMACEUTICOS', 1, 'CENTRO DE GESTION ADMINISTRATIVA', 'AUX'),
('13450786405', 11110019405, 'AUXILIAR EN APOYO ADMINISTRATIVO EN SALUD', 1, 'CENTRO DE SERVICIOS FINANCIEROS', 'AUX'),
('33112084289', 11110019405, 'AUXILIAR EN ENFERMERIA', 1, 'CENTRO DE SERVICIOS FINANCIEROS', 'AUX'),
('322201146', 11110019405, 'AUXILIAR EN SALUD ORAL', 1, 'CENTRO DE SERVICIOS FINANCIEROS', 'AUX'),
('33130869883', 11110019405, 'AUXILIAR EN SALUD PUBLICA', 1, 'CENTRO DE SERVICIOS FINANCIEROS', 'AUX'),
('33150580205', 11110019405, 'AUXILIAR EN SERVICIOS FARMACEUTICOS', 1, 'CENTRO DE SERVICIOS FINANCIEROS', 'AUX'),
('13450786405', 11110019406, 'AUXILIAR EN APOYO ADMINISTRATIVO EN SALUD', 1, 'CENTRO NACIONAL DE HOTELERIA TURISMO Y ALIMENTOS', 'AUX'),
('33112084289', 11110019406, 'AUXILIAR EN ENFERMERIA', 1, 'CENTRO NACIONAL DE HOTELERIA TURISMO Y ALIMENTOS', 'AUX'),
('322201146', 11110019406, 'AUXILIAR EN SALUD ORAL', 1, 'CENTRO NACIONAL DE HOTELERIA TURISMO Y ALIMENTOS', 'AUX'),
('33130869883', 11110019406, 'AUXILIAR EN SALUD PUBLICA', 1, 'CENTRO NACIONAL DE HOTELERIA TURISMO Y ALIMENTOS', 'AUX'),
('33150580205', 11110019406, 'AUXILIAR EN SERVICIOS FARMACEUTICOS', 1, 'CENTRO NACIONAL DE HOTELERIA TURISMO Y ALIMENTOS', 'AUX'),
('13450786405', 11110019508, 'AUXILIAR EN APOYO ADMINISTRATIVO EN SALUD', 1, 'CENTRO DE FORMACION EN ACTIVIDAD FISICA Y CULTURA', 'AUX'),
('33112084289', 11110019508, 'AUXILIAR EN ENFERMERIA', 1, 'CENTRO DE FORMACION EN ACTIVIDAD FISICA Y CULTURA', 'AUX'),
('322201146', 11110019508, 'AUXILIAR EN SALUD ORAL', 1, 'CENTRO DE FORMACION EN ACTIVIDAD FISICA Y CULTURA', 'AUX'),
('33130869883', 11110019508, 'AUXILIAR EN SALUD PUBLICA', 1, 'CENTRO DE FORMACION EN ACTIVIDAD FISICA Y CULTURA', 'AUX'),
('33150580205', 11110019508, 'AUXILIAR EN SERVICIOS FARMACEUTICOS', 1, 'CENTRO DE FORMACION EN ACTIVIDAD FISICA Y CULTURA', 'AUX'),
('103591', 9110, 'TECNOLOGÃA EN IMÃGENES DIAGNÃ“STICAS', 1, 'BOGOTA D.C', 'TEC'),
('90676', 9110, 'TECNOLOGÃA EN REGENCIA DE FARMACIA', 1, 'BOGOTA D.C', 'TEC'),
('711', 71, 'PSICOLOGÃA', 1, 'EXTRANJERO', 'UNV'),
('4136', 874, 'AUXILIAR EN SALUD ORAL', 1, 'PRINCIPAL', 'AUX'),
('5252', 367, 'AUXILIAR EN ENFERMERIA\r\n', 1, 'PRINCIPAL\r\n', 'AUX'),
('91141', 2829, 'PSICOLOGÃA', 1, 'CORPORACION UNIVERSITARIA MINUTO DE DIOS -UNIMINUTO-', 'UNV'),
('101332', 2725, 'PSICOLOGÃA', 1, 'POLITECNICO GRANCOLOMBIANO', 'UNV'),
('103645', 1735, 'PSICOLOGÃA', 1, 'UNIVERSIDAD MANUELA BELTRAN-UMB-', 'UNV'),
('105719', 2830, 'PSICOLOGÃA', 1, 'CORPORACION UNIVERSITARIA IBEROAMERICANA', 'UNV'),
('105739', 2728, 'PSICOLOGÃA', 1, 'FUNDACION UNIVERSITARIA DEL AREA ANDINA', 'UNV'),
('107266', 2812, 'PSICOLOGÃA', 1, 'UNIVERSIDAD EAN\r\n', 'UNV'),
('MSPS037', 1816, 'TÃ‰CNICO EN AUXILIAR DE ENFERMERÃA', 1, 'UNIVERSIDAD COOPERATIVA DE COLOMBIA', 'AUX');

-- --------------------------------------------------------

--
-- Estructura de tabla para la tabla `pr_tipoidentificacion`
--

CREATE TABLE `pr_tipoidentificacion` (
  `IdTipoIdentificacion` int(11) NOT NULL,
  `Codigo` varchar(4) NOT NULL,
  `Descripcion` varchar(100) NOT NULL
) ENGINE=InnoDB DEFAULT CHARSET=latin1;

--
-- Volcado de datos para la tabla `pr_tipoidentificacion`
--

INSERT INTO `pr_tipoidentificacion` (`IdTipoIdentificacion`, `Codigo`, `Descripcion`) VALUES
(1, 'CC', 'Cédula de ciudadania'),
(2, 'CE', 'Cédula de extranjeria'),
(3, 'TI', 'Tarjeta de identidad'),
(4, 'PP', 'Permiso especial de permanencia'),
(5, 'NI', 'NIT');

--
-- Índices para tablas volcadas
--

--
-- Indices de la tabla `pr_barrio`
--
ALTER TABLE `pr_barrio`
  ADD PRIMARY KEY (`id_barrio`);

--
-- Indices de la tabla `pr_departamento`
--
ALTER TABLE `pr_departamento`
  ADD PRIMARY KEY (`IdDepartamento`),
  ADD KEY `IndiceDepartamentoPais` (`IdPais`);

--
-- Indices de la tabla `pr_equiposrx`
--
ALTER TABLE `pr_equiposrx`
  ADD PRIMARY KEY (`id_equipo`);

--
-- Indices de la tabla `pr_localidad`
--
ALTER TABLE `pr_localidad`
  ADD PRIMARY KEY (`idLocalidad`);

--
-- Indices de la tabla `pr_municipio`
--
ALTER TABLE `pr_municipio`
  ADD PRIMARY KEY (`IdMunicipio`),
  ADD KEY `IndexMunicipioDepartamento` (`IdDepartamento`);

--
-- Indices de la tabla `pr_nivelacademico`
--
ALTER TABLE `pr_nivelacademico`
  ADD PRIMARY KEY (`IdNivelAcademico`);

--
-- Indices de la tabla `pr_tipoidentificacion`
--
ALTER TABLE `pr_tipoidentificacion`
  ADD PRIMARY KEY (`IdTipoIdentificacion`);

--
-- AUTO_INCREMENT de las tablas volcadas
--

--
-- AUTO_INCREMENT de la tabla `pr_barrio`
--
ALTER TABLE `pr_barrio`
  MODIFY `id_barrio` int(11) NOT NULL AUTO_INCREMENT, AUTO_INCREMENT=2353;

--
-- AUTO_INCREMENT de la tabla `pr_equiposrx`
--
ALTER TABLE `pr_equiposrx`
  MODIFY `id_equipo` int(10) UNSIGNED NOT NULL AUTO_INCREMENT, AUTO_INCREMENT=15;

--
-- AUTO_INCREMENT de la tabla `pr_nivelacademico`
--
ALTER TABLE `pr_nivelacademico`
  MODIFY `IdNivelAcademico` int(11) NOT NULL AUTO_INCREMENT, AUTO_INCREMENT=2;

--
-- AUTO_INCREMENT de la tabla `pr_tipoidentificacion`
--
ALTER TABLE `pr_tipoidentificacion`
  MODIFY `IdTipoIdentificacion` int(11) NOT NULL AUTO_INCREMENT, AUTO_INCREMENT=6;
COMMIT;

/*!40101 SET CHARACTER_SET_CLIENT=@OLD_CHARACTER_SET_CLIENT */;
/*!40101 SET CHARACTER_SET_RESULTS=@OLD_CHARACTER_SET_RESULTS */;
/*!40101 SET COLLATION_CONNECTION=@OLD_COLLATION_CONNECTION */;
